claim_id,claim_text,stance,source_id,authors_year,study_design,sample_size,effect_size,p_value,contradicting_sources,risk_of_bias,grade_certainty,rationale
C1,MgO band gap,Supports,10.1063/1.2085170,"Heyd et al., 2005",Experimental (Optical),N=1,Eg = 7.22 eV,NA,None found,Low,High,"MgO: 7.22 eV (experimental optical gap; Heyd et al., J. Chem. Phys. 123, 174101 (2005), Table V) [VERIFIED]."
C2,SrTiO3 band gap,Supports,10.1016/j.commatsci.2003.08.036,"Piskunov et al., 2004",Experimental (Optical),N=1,Eg = 3.25 eV,NA,None found,Low,High,"SrTiO3: 3.25 eV (experimental indirect optical gap; Piskunov et al., Computational Materials Science 29 (2004) 165–178, Section 4.3) [VERIFIED]."
C3,BaTiO3 band gap,Supports,10.1016/j.commatsci.2003.08.036,"Piskunov et al., 2004",Experimental (Optical),N=1,Eg = 3.20 eV,NA,None found,Low,High,"BaTiO3: 3.20 eV (experimental optical gap; Piskunov et al., Computational Materials Science 29 (2004) 165–178, Section 4.3) [VERIFIED]."
C4,CsPbI3 band gap,Supports,10.1063/1.4893495,"Castelli et al., 2014",Experimental (Optical),N=1,Eg = 1.73 eV,NA,None found,Low,High,"CsPbI3: 1.73 eV (experimental cubic optical gap; Castelli et al., APL Materials 2, 081514 (2014), Table I / Wiktor et al., J. Phys. Chem. Lett. 2017, 8, 5507–5512 Table 6) [VERIFIED]."
C5,CsPbBr3 band gap,Supports,10.1021/acs.jpclett.7b02648,"Wiktor et al., 2017",Experimental (Optical),N=1,Eg = 2.36 eV,NA,None found,Low,High,"CsPbBr3: 2.36 eV (experimental optical gap; Wiktor et al., J. Phys. Chem. Lett. 2017, 8, 5507–5512 Table 6 ref 38) [VERIFIED]."
C6,CsPbCl3 band gap,Supports,10.1021/acs.jpclett.7b02648,"Wiktor et al., 2017",Experimental (Optical),N=1,Eg = 2.85 eV,NA,None found,Low,High,"CsPbCl3: 2.85 eV (experimental optical gap; Wiktor et al., J. Phys. Chem. Lett. 2017, 8, 5507–5512 Table 6 ref 39) [VERIFIED]."
C7,CsSnCl3 band gap,Supports,10.1021/acs.jpclett.7b02648,"Wiktor et al., 2017",Experimental (Optical),N=1,Eg = 2.60 eV,NA,None found,Low,High,"CsSnCl3: 2.60 eV (experimental optical gap; Wiktor et al., J. Phys. Chem. Lett. 2017, 8, 5507–5512 Table 6 ref 40) [VERIFIED]."
C8,MAPbI3 band gap,Supports,10.1063/1.4893495,"Castelli et al., 2014",Experimental (Optical),N=1,Eg = 1.57 eV,NA,None found,Low,High,"MAPbI3: 1.57 eV (experimental optical gap; Mosconi et al., J. Phys. Chem. C 2013, 117, 13902−13913 Table 1 / Castelli et al., APL Materials 2, 081514 (2014) Table I) [VERIFIED]."
C9,MAPbBr3 band gap,Supports,10.1063/1.4893495,"Castelli et al., 2014",Experimental (Optical),N=1,Eg = 2.33 eV,NA,None found,Low,High,"MAPbBr3: 2.33 eV (experimental optical gap; Mosconi et al., J. Phys. Chem. C 2013, 117, 13902−13913 Table 1 / Castelli et al., APL Materials 2, 081514 (2014) Table I) [VERIFIED]."
C10,MAPbCl3 band gap,Supports,10.1021/jp4048659,"Mosconi et al., 2013",Experimental (Optical),N=1,Eg = 3.11 eV,NA,None found,Low,High,"MAPbCl3: 3.11 eV (experimental optical gap; Mosconi et al., J. Phys. Chem. C 2013, 117, 13902−13913, Table 1) [VERIFIED]."
