formula,doi,table_or_page,verbatim_cell_text,value_eV,functional,soc,structure_or_phase,calc_or_experimental,pbe_structure,pbe_lattice_source,pbe_soc,matches_dataset,status,target_level
NaCl,10.1063/1.2085170,UNSOURCED,UNSOURCED (not in Heyd 2005 SC/40 set Table V; Paier 2006 unavailable locally),6.48,HSE03,noSOC,Cubic (Fm-3m),calculated,Cubic (Fm-3m),Materials Project / Exp,noSOC,yes,UNSOURCED,HSE03
NaBr,Landolt-Börnstein III/41B,UNSOURCED,UNSOURCED (no primary source text in corpus),5.4,None (Experimental),unverified,Cubic (Fm-3m),experimental,Cubic (Fm-3m),Materials Project / Exp,noSOC,yes,UNSOURCED,experimental
NaI,Landolt-Börnstein III/41B,UNSOURCED,UNSOURCED (no primary source text in corpus),4.85,None (Experimental),unverified,Cubic (Fm-3m),experimental,Cubic (Fm-3m),Materials Project / Exp,noSOC,yes,UNSOURCED,experimental
LiF,10.1063/1.2085170,UNSOURCED,UNSOURCED (not in Heyd 2005 SC/40 set Table V; Paier 2006 unavailable locally),11.45,HSE03,noSOC,Cubic (Fm-3m),calculated,Cubic (Fm-3m),Materials Project / Exp,noSOC,yes,UNSOURCED,HSE03
NaF,10.1063/1.2085170,UNSOURCED,UNSOURCED (not in Heyd 2005 SC/40 set Table V; Paier 2006 unavailable locally),8.0,HSE03,noSOC,Cubic (Fm-3m),calculated,Cubic (Fm-3m),Materials Project / Exp,noSOC,yes,UNSOURCED,HSE03
LiCl,10.1063/1.2085170,UNSOURCED,UNSOURCED (not in Heyd 2005 SC/40 set Table V; Paier 2006 unavailable locally),7.6,HSE03,noSOC,Cubic (Fm-3m),calculated,Cubic (Fm-3m),Materials Project / Exp,noSOC,yes,UNSOURCED,HSE03
MgO,10.1063/1.2085170,"Table V, p. 174101-6",|MgO|4.178|4.268|4.247|4.218|4.207|4.92|4.34|4.56|6.50|7.22|,7.22,None (Experimental),noSOC,Cubic (Fm-3m),experimental,Cubic (Fm-3m),Materials Project / Exp,noSOC,yes,VERIFIED,experimental
CaO,10.1063/1.2085170,UNSOURCED,UNSOURCED (not in Heyd 2005 SC/40 set Table V; Paier 2006 unavailable locally),5.37,HSE03,noSOC,Cubic (Fm-3m),calculated,Cubic (Fm-3m),Materials Project / Exp,noSOC,yes,UNSOURCED,HSE03
BaO,Landolt-Börnstein III/41B,UNSOURCED,UNSOURCED (no primary source text in corpus),3.75,None (Experimental),unverified,Cubic (Fm-3m),experimental,Cubic (Fm-3m),Materials Project / Exp,noSOC,yes,UNSOURCED,experimental
SrTiO3,10.1016/j.commatsci.2003.08.036 / 10.1103/PhysRevB.77.165107,"Piskunov Table 4, p. 172 / Bilc Table V, p. 10",STO ... X–X ... 3.25––indirect gap (Ref. [46]) / SrTiO3 3.880 3.890 a[81] 3.57 3.25[82] 3.91 3.75[82],3.25,None (Experimental),unverified,Cubic (Pm-3m),experimental,Cubic (Pm-3m),Materials Project / Exp,noSOC,yes,VERIFIED,experimental
BaTiO3,10.1016/j.commatsci.2003.08.036 / 10.1103/PhysRevB.77.165107,"Piskunov Table 4, p. 172 / Bilc Table V, p. 10",BTO ... C–C ... 3.2 (Ref. [47]) / BaTiO3 3.971 4.00 3.39 3.20[65] 3.45,3.2,None (Experimental),unverified,Tetragonal (P4mm),experimental,Tetragonal (P4mm),Materials Project / Exp,noSOC,yes,VERIFIED,experimental
CsPbI3,10.1063/1.4893495 / 10.1021/acs.jpclett.7b02648,"Castelli Table I, p. 081514-2 / JPCL Table 6, p. 5511","|CsPbI|Cubic|1.62|1.73| / |CsPbI|2.24|0.74|−1.22|1.76|1.67,a 1.73b|",1.73,None (Experimental),noSOC,Cubic (Pm-3m),experimental,Cubic (Pm-3m),Materials Project / Exp,noSOC,yes,VERIFIED,experimental
CsPbBr3,10.1021/acs.jpclett.7b02648,"JPCL Table 6, p. 5511",|CsPbBr|3.15|0.51|−1.28|2.38|2.36c|,2.36,None (Experimental),noSOC,Cubic (Pm-3m),experimental,Cubic (Pm-3m),Materials Project / Exp,noSOC,yes,VERIFIED,experimental
CsPbCl3,10.1021/acs.jpclett.7b02648,"JPCL Table 6, p. 5511",|CsPbCl|3.66|0.63|−1.34|2.95|2.85d|,2.85,None (Experimental),noSOC,Cubic (Pm-3m),experimental,Cubic (Pm-3m),Materials Project / Exp,noSOC,yes,VERIFIED,experimental
CsSnI3,10.1021/acs.jpclett.7b02648,"JPCL Table 6, p. 5511",|CsSnI₃|1.21|0.78|−0.40|1.57||,1.57,QSGW,withSOC,Cubic (Pm-3m),calculated,Orthorhombic (Pnma),Materials Project / Exp,noSOC,yes,VERIFIED_THEORY_ONLY,QSGW+SOC
CsSnBr3,10.1021/acs.jpclett.7b02648,"JPCL Table 6, p. 5511",|CsSnBr₃|1.66|0.77|−0.34|2.09||,2.09,QSGW,withSOC,Cubic (Pm-3m),calculated,Cubic (Pm-3m),Materials Project / Exp,noSOC,yes,VERIFIED_THEORY_ONLY,QSGW+SOC
CsSnCl3,10.1021/acs.jpclett.7b02648,"JPCL Table 6, p. 5511",|CsSnCl ... |2.22|0.73|−0.35|2.60|∼2.6e|,2.6,None (Experimental),noSOC,Cubic (Pm-3m),experimental,Monoclinic (P2_1/m),Materials Project / Exp,noSOC,yes,VERIFIED,experimental
MAPbI3,10.1063/1.4893495 / 10.1021/jp4048659 / 10.1103/PhysRevB.89.155204,"Castelli Table I, p. 081514-2 / Mosconi Table 1, p. 13907 / Brivio Table I, p. 3",|MAPbI|Cubic|1.36|1.57| / |X=I|a = 6.33|---|---|1.57|1.55b| / NH3CH3PbI3 2.73 1.78 1.67 1.27 1.61 (RT),1.57,None (Experimental),withSOC,Cubic (Pm-3m) / Tetragonal,experimental,Tetragonal (I4/mcm),Materials Project / Exp,noSOC,yes,VERIFIED,experimental
MAPbBr3,10.1063/1.4893495 / 10.1021/jp4048659,"Castelli Table I, p. 081514-2 / Mosconi Table 1, p. 13907","|MAPbBr|Cubic|1.96|2.33| / |X=Br|a = 5.90|---|---|1.80|2.00b, 2.33−2.35e,f|",2.33,None (Experimental),unverified,Cubic (Pm-3m),experimental,Cubic (Pm-3m),Materials Project / Exp,noSOC,yes,VERIFIED,experimental
MAPbCl3,10.1021/jp4048659,"Mosconi Table 1, p. 13907","|X=Cl ... |a = 5.68|---|---|2.34|3.11−3.12e,f|",3.11,None (Experimental),unverified,Cubic (Pm-3m),experimental,Cubic (Pm-3m),Materials Project / Exp,noSOC,yes,VERIFIED,experimental
RbPbBr3,10.1063/1.4893495,UNSOURCED,UNSOURCED (not in Castelli Table I; 2.38 eV transcribed from JPCL Table 6 CsPbBr3 theory value),2.38,GLLB-SC,noSOC,Orthorhombic (Pnma),calculated,Orthorhombic (Pnma),Materials Project / Exp,noSOC,yes,UNSOURCED,GLLB-SC
