pair_index,struct_idx_1,struct_idx_2,formula_1,formula_2,true_energy_gap,gnn_classification,chgnet_pred_gap,mace_pred_gap,s1_chgnet_e,s1_mace_e,s1_delta_e,s1_rmsd_A,s1_status,s2_chgnet_e,s2_mace_e,s2_delta_e,s2_rmsd_A,s2_status,pair_ensemble_status
1,143,33995,Zr16 N16 O8,Zr16 N16 O8,0.0926476777499987,Fully Resolved,0.0368289947509765,0.0516,-10.0567,-9.7883,0.0004,0.0055,high_confidence_agreement,-10.0216,-9.7367,0.0003,0.0107,high_confidence_agreement,high_confidence_agreement
2,150,46371,Y2 Mg4,Y2 Mg4,0.061737759999998,Fully Resolved,0.0512235164642334,0.0677,-3.2972,-3.3188,0.0,0.0,high_confidence_agreement,-3.2477,-3.2511,0.0006,0.0179,high_confidence_agreement,high_confidence_agreement
3,158,41712,Li4 Mg2 Cl8,Li4 Mg2 Cl8,0.183831299761904,Fully Resolved,0.0373146533966064,0.0506,-3.9963,-3.6557,0.0002,0.0037,high_confidence_agreement,-3.9593,-3.6051,0.0004,0.0071,high_confidence_agreement,high_confidence_agreement
4,200,28139,Ba8 Y4 Cl28,Ba8 Y4 Cl28,0.0540794410000007,Fully Resolved,0.0317487716674804,0.047,-5.1545,-4.7178,0.0005,0.0149,high_confidence_agreement,-5.185,-4.7648,0.0006,0.0083,high_confidence_agreement,high_confidence_agreement
5,206,35021,Ba2 Nb4 O12,Ba2 Nb4 O12,0.2296872808333319,Collapsed,0.0036983489990234,0.0021,-8.9651,-8.5102,0.0011,0.0126,high_confidence_agreement,-8.9678,-8.5123,0.0002,0.0066,high_confidence_agreement,high_confidence_agreement
6,335,4369,Zn2 In4 S8,Zn2 In4 S8,0.053984069081634,Fully Resolved,0.0324773788452148,0.04,-4.1678,-3.8823,0.0007,0.0057,high_confidence_agreement,-4.1998,-3.9223,0.0009,0.0096,high_confidence_agreement,high_confidence_agreement
7,529,38475,Ag4 S2,Ag4 S2,0.117854884548611,Collapsed,0.0044307708740234,0.0039,-3.4492,-3.3082,0.0017,0.0059,high_confidence_agreement,-3.4476,-3.3043,0.0011,0.0114,high_confidence_agreement,high_confidence_agreement
8,529,41040,Ag4 S2,Ag4 S2,0.076659196666666,Fully Resolved,0.0273103713989257,0.0543,-3.4492,-3.3082,0.0017,0.0059,high_confidence_agreement,-3.4215,-3.2539,0.0016,0.0164,high_confidence_agreement,high_confidence_agreement
9,901,17981,Rb1 Ag1 Br3,Rb1 Ag1 Br3,0.159464197083333,Collapsed,0.0059125423431396,0.0041,-2.9211,-2.6163,0.0,0.0,high_confidence_agreement,-2.927,-2.6204,0.0002,0.0027,high_confidence_agreement,high_confidence_agreement
10,1061,9603,Ce2 O2 F2,Ce2 O2 F2,0.0965146650000021,Fully Resolved,0.0728931427001953,0.0986,-8.3067,-7.957,0.0003,0.0024,high_confidence_agreement,-8.2372,-7.8584,0.0024,0.0101,high_confidence_agreement,high_confidence_agreement
11,1072,24101,Zn10 S10,Zn10 S10,0.051121846642858,Partially Resolved,0.0052902698516845,0.0049,-3.7268,-3.4954,0.0,0.0,high_confidence_agreement,-3.7215,-3.4905,0.0,0.0,high_confidence_agreement,high_confidence_agreement
12,1169,8258,Ca2 Mg4,Ca2 Mg4,0.066565411666667,Fully Resolved,0.0795569419860839,0.0802,-1.7483,-1.7592,0.0003,0.0053,high_confidence_agreement,-1.8276,-1.8394,0.0,0.0,high_confidence_agreement,high_confidence_agreement
13,1283,3065,Tm4 As4 Se4,Tm4 As4 Se4,0.068326045572912,Collapsed,0.00199556350708,0.0011,-5.742,-5.6047,0.0002,0.0035,high_confidence_agreement,-5.7428,-5.6058,0.0,0.0,high_confidence_agreement,high_confidence_agreement
14,1833,9190,Rb2,Rb2,0.0601714,Fully Resolved,0.072877824306488,0.0321,-0.8934,-0.8985,0.0,0.0,high_confidence_agreement,-0.9663,-0.9306,0.0,0.0,high_confidence_agreement,high_confidence_agreement
15,1833,48983,Rb2,Rb2,0.055813978750002,Fully Resolved,0.042700171470642,0.0199,-0.8934,-0.8985,0.0,0.0,high_confidence_agreement,-0.9361,-0.9184,0.0,0.0,high_confidence_agreement,high_confidence_agreement
16,2291,40272,Y2 Br6,Y2 Br6,0.08699960625,Fully Resolved,0.0319280624389648,0.0498,-5.0906,-4.702,0.0,0.0002,high_confidence_agreement,-5.1235,-4.7518,0.0007,0.0037,high_confidence_agreement,high_confidence_agreement
17,2404,11894,Sn2 S2,Sn2 S2,0.0501885225,Fully Resolved,0.0397396087646484,0.0303,-4.7042,-4.4869,0.0058,0.0322,high_confidence_agreement,-4.6738,-4.4566,0.0123,0.0363,high_confidence_agreement,high_confidence_agreement
18,2404,19585,Sn2 S2,Sn2 S2,0.056670015000001,Fully Resolved,0.0394983291625976,0.028,-4.7042,-4.4869,0.0058,0.0322,high_confidence_agreement,-4.6752,-4.4589,0.0155,0.0524,high_confidence_agreement,high_confidence_agreement
19,2788,15170,Ce2 Mg4,Ce2 Mg4,0.064014941111107,Fully Resolved,0.0418341159820556,0.0996,-2.9633,-2.9611,0.0024,0.0261,high_confidence_agreement,-3.0023,-3.0607,0.0005,0.0056,high_confidence_agreement,high_confidence_agreement
20,2788,15842,Ce2 Mg4,Ce2 Mg4,0.069181832777773,Fully Resolved,0.0600881576538085,0.0922,-2.9633,-2.9611,0.0024,0.0261,high_confidence_agreement,-3.0216,-3.0533,0.0005,0.0067,high_confidence_agreement,high_confidence_agreement
21,2788,46654,Ce2 Mg4,Ce2 Mg4,0.094432971666664,Fully Resolved,0.0688264369964599,0.1077,-2.9633,-2.9611,0.0024,0.0261,high_confidence_agreement,-3.0341,-3.0688,0.0025,0.0148,high_confidence_agreement,high_confidence_agreement
22,3051,13968,Ta1 Cr3 Cu2 S8,Ta1 Cr3 Cu2 S8,0.082321696428571,Fully Resolved,0.0850396156311035,0.0889,-6.8202,-6.5523,0.0003,0.0051,high_confidence_agreement,-6.7378,-6.4634,0.0026,0.0138,high_confidence_agreement,high_confidence_agreement
23,3051,46325,Ta1 Cr3 Cu2 S8,Ta1 Cr3 Cu2 S8,0.0932870999999989,Fully Resolved,0.0784897804260253,0.0863,-6.8202,-6.5523,0.0003,0.0051,high_confidence_agreement,-6.7414,-6.466,0.0003,0.0207,high_confidence_agreement,high_confidence_agreement
24,3089,26110,Pr8 Si12 Pd4,Pr8 Si12 Pd4,0.1056275866666659,Collapsed,8.535385131835938e-05,0.0,-5.9876,-6.0374,0.0001,0.0002,high_confidence_agreement,-5.9874,-6.0374,0.0003,0.0029,high_confidence_agreement,high_confidence_agreement
25,3092,20809,Bi4 Br12,Bi4 Br12,0.0614041424999991,Partially Resolved,0.0207056999206542,0.0463,-3.3225,-2.9179,0.0102,0.0477,high_confidence_agreement,-3.329,-2.9642,0.0,0.0031,high_confidence_agreement,high_confidence_agreement
26,3191,31835,Ti2 Ni2,Ti2 Ni2,0.061695825,Fully Resolved,0.0309796333312988,0.076,-7.2136,-7.2284,0.0015,0.0062,high_confidence_agreement,-7.1807,-7.1524,0.0014,0.0179,high_confidence_agreement,high_confidence_agreement
27,3258,33995,Zr16 N16 O8,Zr16 N16 O8,0.0927284894999966,Fully Resolved,0.0363702774047851,0.0514,-10.0564,-9.7881,0.0004,0.0053,high_confidence_agreement,-10.0216,-9.7367,0.0003,0.0107,high_confidence_agreement,high_confidence_agreement
28,3498,9464,Li1 O8,Li1 O8,0.064701143333333,Partially Resolved,0.022928237915039,0.0645,-4.8793,-4.81,0.0012,0.0012,high_confidence_agreement,-4.9131,-4.8745,0.0027,0.0727,high_confidence_agreement,high_confidence_agreement
29,3529,26417,Tm1 Mn12,Tm1 Mn12,0.078530309893898,Fully Resolved,0.2516660690307617,0.2413,-8.7779,-8.8118,0.0004,0.0038,high_confidence_agreement,-8.5282,-8.5705,0.0056,0.0198,high_confidence_agreement,high_confidence_agreement
30,3821,25975,Na8 Si8 O20,Na8 Si8 O20,0.0625926680555557,Fully Resolved,0.0464000701904296,0.0542,-7.14,-6.7602,0.0002,0.0046,high_confidence_agreement,-7.0912,-6.706,0.0003,0.0065,high_confidence_agreement,high_confidence_agreement
31,3945,48748,K1 Cr2 S4,K1 Cr2 S4,0.066564927142859,Partially Resolved,0.0146155357360839,0.032,-6.3419,-6.0714,0.0001,0.0013,high_confidence_agreement,-6.3272,-6.0394,0.0018,0.0126,high_confidence_agreement,high_confidence_agreement
32,4110,34376,Cd1 Cl2,Cd1 Cl2,0.093089026666665,Fully Resolved,0.0506629943847656,0.05,-2.9751,-2.5651,0.0004,0.0038,high_confidence_agreement,-3.0259,-2.6151,0.0007,0.0029,high_confidence_agreement,high_confidence_agreement
33,4148,37487,Lu1 Fe10 Si2,Lu1 Fe10 Si2,0.067064601538462,Fully Resolved,0.0495309829711914,0.0637,-7.8732,-7.8793,0.0011,0.0081,high_confidence_agreement,-7.9227,-7.943,0.0003,0.0074,high_confidence_agreement,high_confidence_agreement
34,4235,15500,Pr12 Co4 Br12,Pr12 Co4 Br12,0.0679069503571438,Collapsed,0.0009469985961914,0.0,-5.1888,-4.9496,0.0002,0.0163,high_confidence_agreement,-5.189,-4.9496,0.0017,0.0124,high_confidence_agreement,high_confidence_agreement
35,4255,23594,Cr1 Ni3,Cr1 Ni3,0.06068402,Partially Resolved,0.015939712524414,0.0734,-6.7379,-6.6839,0.0001,0.0021,high_confidence_agreement,-6.7539,-6.7573,0.0,0.0,high_confidence_agreement,high_confidence_agreement
36,4324,34848,Nd8 Si12 Pd4,Nd8 Si12 Pd4,0.073282519999999,Collapsed,0.0002264976501464,0.0002,-5.9929,-6.0417,0.0008,0.0118,high_confidence_agreement,-5.9927,-6.0415,0.0001,0.0005,high_confidence_agreement,high_confidence_agreement
37,4791,34591,Mn6 Co2,Mn6 Co2,0.203953471163793,Fully Resolved,0.1127357482910156,0.146,-8.601,-8.6583,0.001,0.0017,high_confidence_agreement,-8.5031,-8.5123,0.0026,0.0697,high_confidence_agreement,high_confidence_agreement
38,4961,5233,Zr2 Cr2 Cu2 S8,Zr2 Cr2 Cu2 S8,0.0716001471428569,Fully Resolved,0.0712404251098632,0.071,-6.7688,-6.5067,0.0001,0.0016,high_confidence_agreement,-6.7115,-6.4357,0.013,0.0813,high_confidence_agreement,high_confidence_agreement
39,4961,8549,Zr2 Cr2 Cu2 S8,Zr2 Cr2 Cu2 S8,0.071162926428572,Fully Resolved,0.0703992843627929,0.0723,-6.7688,-6.5067,0.0001,0.0016,high_confidence_agreement,-6.7,-6.4344,0.0009,0.0109,high_confidence_agreement,high_confidence_agreement
40,5005,42983,Ba10 Ga12,Ba10 Ga12,0.0589846090909109,Collapsed,4.76837158203125e-05,0.0017,-2.9058,-2.9356,0.011,0.0223,high_confidence_agreement,-2.9057,-2.9339,0.0072,0.0244,high_confidence_agreement,high_confidence_agreement
41,5332,23872,Tb2 P2 O8,Tb2 P2 O8,0.0801612758333329,Fully Resolved,0.0599565505981445,0.0609,-8.4673,-8.0018,0.0001,0.0002,high_confidence_agreement,-8.4059,-7.9409,0.0001,0.0008,high_confidence_agreement,high_confidence_agreement
42,5375,37021,Mg4 Cd2,Mg4 Cd2,0.078458064999999,Partially Resolved,0.0175102949142456,0.0258,-1.4342,-1.4346,0.0011,0.0152,high_confidence_agreement,-1.4167,-1.4088,0.0,0.0,high_confidence_agreement,high_confidence_agreement
43,5480,38520,Ce2 Se4,Ce2 Se4,0.052231798333334,Fully Resolved,0.0765838623046875,0.0648,-6.0999,-5.8332,0.0058,0.009,high_confidence_agreement,-6.1762,-5.898,0.0,0.0,high_confidence_agreement,high_confidence_agreement
44,5500,31835,Ti2 Ni2,Ti2 Ni2,0.071746235,Fully Resolved,0.0278863906860351,0.0833,-7.2167,-7.2357,0.0009,0.0038,high_confidence_agreement,-7.1807,-7.1524,0.0014,0.0179,high_confidence_agreement,high_confidence_agreement
45,5555,33995,Zr16 N16 O8,Zr16 N16 O8,0.0918747344999966,Fully Resolved,0.0360889434814453,0.0503,-10.056,-9.787,0.0005,0.0063,high_confidence_agreement,-10.0216,-9.7367,0.0003,0.0107,high_confidence_agreement,high_confidence_agreement
46,5616,15474,Ca4 Mg2,Ca4 Mg2,0.053734553333333,Fully Resolved,0.0624631643295288,0.0639,-1.8845,-1.9093,0.0013,0.0094,high_confidence_agreement,-1.8215,-1.8454,0.0005,0.0107,high_confidence_agreement,high_confidence_agreement
47,5787,38657,Gd6 Y2 O12,Gd6 Y2 O12,0.0733519194999998,Fully Resolved,0.0567207336425781,0.0671,-11.7128,-11.3197,0.0004,0.0035,high_confidence_agreement,-11.6573,-11.2526,0.0008,0.0148,high_confidence_agreement,high_confidence_agreement
48,5886,33995,Zr16 N16 O8,Zr16 N16 O8,0.0940235079999967,Fully Resolved,0.0373182296752929,0.0555,-10.0574,-9.7922,0.0004,0.0072,high_confidence_agreement,-10.0216,-9.7367,0.0003,0.0107,high_confidence_agreement,high_confidence_agreement
49,6019,37021,Mg4 Cd2,Mg4 Cd2,0.0693665,Partially Resolved,0.0092419385910034,0.0147,-1.4259,-1.4235,0.0,0.0,high_confidence_agreement,-1.4167,-1.4088,0.0,0.0,high_confidence_agreement,high_confidence_agreement
50,6209,20976,Nd4 As4 Se4,Nd4 As4 Se4,0.0867192355729129,Collapsed,0.000213623046875,0.0002,-5.897,-5.7593,0.0012,0.005,high_confidence_agreement,-5.8971,-5.7595,0.0017,0.0066,high_confidence_agreement,high_confidence_agreement
51,6212,7263,As6 Pb10 Cl2 O18,As6 Pb10 Cl2 O18,0.086912231111111,Fully Resolved,0.0388994216918945,0.089,-5.9363,-5.5424,0.0052,0.0909,high_confidence_agreement,-5.9689,-5.6314,0.0002,0.0121,high_confidence_agreement,high_confidence_agreement
52,6259,30344,Te3,Te3,0.071564689999998,Fully Resolved,0.0576512813568115,0.0075,-3.1586,-3.0946,0.0024,0.0181,high_confidence_agreement,-3.1265,-3.0871,0.0262,0.0798,high_confidence_agreement,high_confidence_agreement
53,6402,38475,Ag4 S2,Ag4 S2,0.119362091215277,Partially Resolved,0.0208251476287841,0.0067,-3.422,-3.2976,0.0006,0.008,high_confidence_agreement,-3.4476,-3.3043,0.0011,0.0114,high_confidence_agreement,high_confidence_agreement
54,6402,41040,Ag4 S2,Ag4 S2,0.07515199,Collapsed,0.0020544528961181,0.0437,-3.422,-3.2976,0.0006,0.008,high_confidence_agreement,-3.4215,-3.2539,0.0016,0.0164,high_confidence_agreement,high_confidence_agreement
55,6454,17572,La1 C2,La1 C2,0.055563776666666,Partially Resolved,0.0223584175109863,0.0217,-7.9386,-7.9626,0.0001,0.0001,high_confidence_agreement,-7.9157,-7.9409,0.0002,0.0002,high_confidence_agreement,high_confidence_agreement
56,6507,10064,Ag1 I1,Ag1 I1,0.091158395,Fully Resolved,0.0537412166595459,0.0995,-2.5917,-2.4486,0.0,0.0,high_confidence_agreement,-2.5379,-2.3491,0.0,0.0,high_confidence_agreement,high_confidence_agreement
57,6511,48293,Tb1 Hg2,Tb1 Hg2,0.0522336629166679,Partially Resolved,0.0162827968597412,0.001,-2.1439,-2.1384,0.003,0.0107,high_confidence_agreement,-2.1213,-2.1394,0.0,0.0,high_confidence_agreement,high_confidence_agreement
58,6511,49619,Tb1 Hg2,Tb1 Hg2,0.057972100000001,Partially Resolved,0.0099284648895263,0.0054,-2.1439,-2.1384,0.003,0.0107,high_confidence_agreement,-2.1276,-2.1438,0.0,0.0,high_confidence_agreement,high_confidence_agreement
59,6704,15474,Ca4 Mg2,Ca4 Mg2,0.075513135,Fully Resolved,0.0760177373886108,0.0793,-1.8979,-1.9247,0.0011,0.0321,high_confidence_agreement,-1.8215,-1.8454,0.0005,0.0107,high_confidence_agreement,high_confidence_agreement
60,6704,49137,Ca4 Mg2,Ca4 Mg2,0.070084948333333,Fully Resolved,0.0460625886917114,0.0752,-1.8979,-1.9247,0.0011,0.0321,high_confidence_agreement,-1.8507,-1.8495,0.0002,0.0037,high_confidence_agreement,high_confidence_agreement
61,6971,46925,Mg1 Al1,Mg1 Al1,0.05080611,Partially Resolved,0.0194761753082275,0.0215,-2.6373,-2.6407,0.0,0.0,high_confidence_agreement,-2.6568,-2.6622,0.0,0.0,high_confidence_agreement,high_confidence_agreement
62,7054,18742,Li1 Y1 S2,Li1 Y1 S2,0.0758434224999988,Fully Resolved,0.0409450531005859,0.0455,-6.1885,-5.9579,0.0,0.0,high_confidence_agreement,-6.2295,-6.0034,0.0,0.0,high_confidence_agreement,high_confidence_agreement
63,7408,36041,Ba2 Y2 F10,Ba2 Y2 F10,0.0628333935714291,Fully Resolved,0.0600481033325195,0.0611,-6.8978,-6.5677,0.0005,0.0023,high_confidence_agreement,-6.837,-6.5066,0.0001,0.0011,high_confidence_agreement,high_confidence_agreement
64,7434,12139,Ca4 Bi4 O12,Ca4 Bi4 O12,0.074256067499999,Fully Resolved,0.0902051925659179,0.0683,-6.3677,-5.9786,0.0003,0.0025,high_confidence_agreement,-6.2796,-5.9103,0.0005,0.0159,high_confidence_agreement,high_confidence_agreement
65,7752,35599,Sr8 Ta4 O18,Sr8 Ta4 O18,0.1616204647499981,Collapsed,0.0006141662597656,0.0013,-8.4146,-8.0138,0.0015,0.0098,high_confidence_agreement,-8.4133,-8.0125,0.0011,0.0104,high_confidence_agreement,high_confidence_agreement
66,7924,24256,Ti4 Cu4 Ge4,Ti4 Cu4 Ge4,0.08609036,Fully Resolved,0.0291495323181152,0.0945,-5.9161,-5.8752,0.0002,0.0063,high_confidence_agreement,-5.9479,-5.9697,0.0016,0.0214,high_confidence_agreement,high_confidence_agreement
67,8088,9695,Ta8 Al2 C6,Ta8 Al2 C6,0.0752220887500099,Partially Resolved,0.0234851837158203,0.0343,-10.3811,-10.3681,0.0002,0.0079,high_confidence_agreement,-10.4072,-10.4024,0.002,0.012,high_confidence_agreement,high_confidence_agreement
68,8245,24101,Zn10 S10,Zn10 S10,0.0519394826428579,Collapsed,0.0043146610260009,0.0041,-3.7258,-3.4946,0.0,0.0,high_confidence_agreement,-3.7215,-3.4905,0.0,0.0,high_confidence_agreement,high_confidence_agreement
69,8329,20304,Fe3 Si1,Fe3 Si1,0.097607397500001,Fully Resolved,0.026320457458496,0.047,-7.8821,-7.9129,0.0007,0.0031,high_confidence_agreement,-7.908,-7.9599,0.0,0.0,high_confidence_agreement,high_confidence_agreement
70,8659,9588,K4 Cd2 Pb2,K4 Cd2 Pb2,0.112825425749999,Collapsed,0.0050588846206665,0.006,-1.8987,-1.8789,0.0018,0.017,high_confidence_agreement,-1.8985,-1.8849,0.0038,0.0181,high_confidence_agreement,high_confidence_agreement
71,8944,39270,Bi2 I6,Bi2 I6,0.08376675,Partially Resolved,0.0169694423675537,0.0633,-2.8345,-2.5749,0.0009,0.0071,high_confidence_agreement,-2.8203,-2.5116,0.0033,0.0238,high_confidence_agreement,high_confidence_agreement
72,9085,37586,Ho2 Cu2 Pb2,Ho2 Cu2 Pb2,0.059387743333335,Partially Resolved,0.0088410377502441,0.0333,-4.4888,-4.4733,0.0,0.0,high_confidence_agreement,-4.5012,-4.5066,0.0017,0.0084,high_confidence_agreement,high_confidence_agreement
73,9488,11326,Na1 Bi1 S2,Na1 Bi1 S2,0.0974081200000009,Partially Resolved,0.0248370170593261,0.083,-4.2977,-4.0212,0.0,0.0,high_confidence_agreement,-4.3226,-4.1042,0.0,0.0,high_confidence_agreement,high_confidence_agreement
74,9690,30033,Li1 Sm1 S2,Li1 Sm1 S2,0.0677739199999998,Fully Resolved,0.0317306518554687,0.0385,-5.7284,-5.4812,0.0,0.0,high_confidence_agreement,-5.7602,-5.5197,0.0,0.0,high_confidence_agreement,high_confidence_agreement
75,9785,11977,Mn3 Fe1 As4,Mn3 Fe1 As4,0.143831436206895,Fully Resolved,0.0573172569274902,0.0757,-6.9794,-7.0156,0.0075,0.0254,high_confidence_agreement,-7.0285,-7.0913,0.0007,0.0122,high_confidence_agreement,high_confidence_agreement
76,9846,46945,Ca1 Ti4 S8,Ca1 Ti4 S8,0.059221541538462,Fully Resolved,0.0452857017517089,0.0553,-6.8879,-6.6033,0.0007,0.0026,high_confidence_agreement,-6.8416,-6.548,0.0001,0.0023,high_confidence_agreement,high_confidence_agreement
77,10302,30648,Mn6 P24,Mn6 P24,0.052898769,Partially Resolved,0.0093955993652343,0.0124,-6.4776,-6.4875,0.0002,0.0171,high_confidence_agreement,-6.487,-6.4999,0.0006,0.0183,high_confidence_agreement,high_confidence_agreement
78,10305,31349,Na2 Mo6 Se6,Na2 Mo6 Se6,0.077766105199353,Collapsed,0.0029106140136718,0.0024,-7.1395,-6.9506,0.0005,0.0042,high_confidence_agreement,-7.1412,-6.953,0.0067,0.0912,high_confidence_agreement,high_confidence_agreement
79,10964,15152,Tm1 Al1 Ni4,Tm1 Al1 Ni4,0.0684165149999999,Fully Resolved,0.0548110008239746,0.0513,-5.7037,-5.7049,0.0,0.0,high_confidence_agreement,-5.7585,-5.7562,0.0,0.0,high_confidence_agreement,high_confidence_agreement
80,11029,25817,Th1 Al2 Ni3,Th1 Al2 Ni3,0.0569728166666649,Fully Resolved,0.0408024787902832,0.0602,-5.965,-5.9414,0.0,0.0,high_confidence_agreement,-6.0058,-6.0016,0.0006,0.0076,high_confidence_agreement,high_confidence_agreement
81,11173,47498,La4 Mg4 I20,La4 Mg4 I20,0.053002715714288,Partially Resolved,0.0075292587280273,0.047,-3.6002,-3.2924,0.0005,0.022,high_confidence_agreement,-3.6078,-3.3394,0.0015,0.0098,high_confidence_agreement,high_confidence_agreement
82,11791,29664,Li1 Dy1 S2,Li1 Dy1 S2,0.0761952000000008,Fully Resolved,0.0430274009704589,0.0434,-5.7651,-5.5316,0.0,0.0,high_confidence_agreement,-5.7221,-5.4882,0.0,0.0,high_confidence_agreement,high_confidence_agreement
83,12051,16206,K8 S20,K8 S20,0.0606013032142849,Fully Resolved,0.0377030372619628,0.0491,-4.1937,-3.8555,0.0005,0.0639,high_confidence_agreement,-4.1615,-3.8064,0.0006,0.1294,moderate_agreement,moderate_agreement
84,12139,48945,Ca4 Bi4 O12,Ca4 Bi4 O12,0.0995510239999979,Fully Resolved,0.1011319160461425,0.0725,-6.2796,-5.9103,0.0005,0.0159,high_confidence_agreement,-6.3786,-5.9828,0.0001,0.0024,high_confidence_agreement,high_confidence_agreement
85,12684,20317,Er2 Al2 Si2,Er2 Al2 Si2,0.050270419999999,Fully Resolved,0.0342521667480468,0.0442,-5.1484,-5.1663,0.0,0.0002,high_confidence_agreement,-5.184,-5.2105,0.0067,0.0146,high_confidence_agreement,high_confidence_agreement
86,12754,22350,Ce1 Mg3,Ce1 Mg3,0.090708742499999,Collapsed,0.0040063858032226,0.001,-2.6246,-2.6276,0.0,0.0,high_confidence_agreement,-2.6206,-2.6286,0.0,0.0,high_confidence_agreement,high_confidence_agreement
87,12834,43911,Ca2 Sn2 Hg2,Ca2 Sn2 Hg2,0.0687325633333359,Collapsed,0.0005702972412109,0.0247,-2.603,-2.6066,0.0023,0.0122,high_confidence_agreement,-2.6006,-2.5819,0.0,0.0,high_confidence_agreement,high_confidence_agreement
88,12846,26680,Ba2 Sm1 U1 O6,Ba2 Sm1 U1 O6,0.06769205375,Partially Resolved,0.0210857391357421,0.0317,-8.5551,-8.164,0.0006,0.006,high_confidence_agreement,-8.5334,-8.1323,0.0,0.0003,high_confidence_agreement,high_confidence_agreement
89,12903,43556,Fe4 P2 O10,Fe4 P2 O10,0.1126180922395838,Partially Resolved,0.013136863708496,0.0095,-8.0201,-7.0393,0.0007,0.0018,high_confidence_agreement,-8.0231,-7.0298,0.013,0.0657,high_confidence_agreement,high_confidence_agreement
90,13263,35293,Er2 Te1 O2,Er2 Te1 O2,0.0788921100000004,Fully Resolved,0.0435652732849121,0.0862,-7.7161,-7.3314,0.003,0.0077,high_confidence_agreement,-7.7594,-7.4176,0.0023,0.0046,high_confidence_agreement,high_confidence_agreement
91,13284,28673,La10 Pb6 O2,La10 Pb6 O2,0.141768016527781,Collapsed,2.47955322265625e-05,0.0005,-5.7819,-5.7153,0.002,0.0026,high_confidence_agreement,-5.7815,-5.7158,0.0011,0.0028,high_confidence_agreement,high_confidence_agreement
92,13489,37489,La3 Mg3,La3 Mg3,0.063514023333335,Fully Resolved,0.043874979019165,0.0422,-3.3317,-3.3338,0.001,0.0084,high_confidence_agreement,-3.2968,-3.2916,0.0002,0.0171,high_confidence_agreement,high_confidence_agreement
93,13694,47003,K10 U4 O8 F18,K10 U4 O8 F18,0.0969665132500003,Fully Resolved,0.0803380012512207,0.1024,-6.7156,-6.3633,0.0002,0.0078,high_confidence_agreement,-6.6397,-6.2609,0.0003,0.0297,high_confidence_agreement,high_confidence_agreement
94,13999,24101,Zn10 S10,Zn10 S10,0.0508844091428569,Partially Resolved,0.0051841735839843,0.0048,-3.7267,-3.4953,0.0,0.0,high_confidence_agreement,-3.7215,-3.4905,0.0,0.0,high_confidence_agreement,high_confidence_agreement
95,14262,49544,Nb2 Cr6 Cu4 S16,Nb2 Cr6 Cu4 S16,0.0665442328571429,Fully Resolved,0.0418472290039062,0.0595,-6.6651,-6.4024,0.0011,0.0118,high_confidence_agreement,-6.6268,-6.3429,0.002,0.081,high_confidence_agreement,high_confidence_agreement
96,14328,29704,Ce4 Mg2,Ce4 Mg2,0.05007111388889,Collapsed,0.0046701431274414,0.001,-4.4014,-4.4257,0.012,0.106,moderate_agreement,-4.4071,-4.4247,0.0017,0.0098,high_confidence_agreement,moderate_agreement
97,14733,35653,Mg4 Cu6 Ge2,Mg4 Cu6 Ge2,0.078077308333332,Fully Resolved,0.0404379367828369,0.0596,-3.4946,-3.4779,0.0008,0.0116,high_confidence_agreement,-3.5352,-3.5375,0.0003,0.002,high_confidence_agreement,high_confidence_agreement
98,14739,18807,Tb1 Al1 Ni4,Tb1 Al1 Ni4,0.061973901666663,Fully Resolved,0.0513725280761718,0.0454,-5.7182,-5.7185,0.0001,0.002,high_confidence_agreement,-5.7695,-5.7639,0.0001,0.0029,high_confidence_agreement,high_confidence_agreement
99,14795,33995,Zr16 N16 O8,Zr16 N16 O8,0.0961522869999966,Fully Resolved,0.0382280349731445,0.0563,-10.0585,-9.793,0.0003,0.0077,high_confidence_agreement,-10.0216,-9.7367,0.0003,0.0107,high_confidence_agreement,high_confidence_agreement
100,15439,33995,Zr16 N16 O8,Zr16 N16 O8,0.0950778644999967,Fully Resolved,0.0383243560791015,0.0545,-10.0585,-9.7912,0.0006,0.0071,high_confidence_agreement,-10.0216,-9.7367,0.0003,0.0107,high_confidence_agreement,high_confidence_agreement
101,15474,45066,Ca4 Mg2,Ca4 Mg2,0.0716357625,Fully Resolved,0.0772305727005004,0.0843,-1.8215,-1.8454,0.0005,0.0107,high_confidence_agreement,-1.8989,-1.9297,0.0009,0.0083,high_confidence_agreement,high_confidence_agreement
102,15667,45854,Bi4 O8,Bi4 O8,0.0516741450000011,Collapsed,0.0034842491149902,0.001,-5.9929,-5.571,0.0002,0.0023,high_confidence_agreement,-5.9972,-5.57,0.0007,0.0096,high_confidence_agreement,high_confidence_agreement
103,15885,38475,Ag4 S2,Ag4 S2,0.116201792881945,Collapsed,0.0069296360015869,0.0072,-3.4518,-3.3115,0.0011,0.013,high_confidence_agreement,-3.4476,-3.3043,0.0011,0.0114,high_confidence_agreement,high_confidence_agreement
104,15885,41040,Ag4 S2,Ag4 S2,0.078312288333332,Fully Resolved,0.0298092365264892,0.0576,-3.4518,-3.3115,0.0011,0.013,high_confidence_agreement,-3.4215,-3.2539,0.0016,0.0164,high_confidence_agreement,high_confidence_agreement
105,15925,46147,Ba4 Ca8 I24,Ba4 Ca8 I24,0.0524834944444441,Fully Resolved,0.0615322589874267,0.0412,-3.5386,-3.2799,0.0076,0.0553,high_confidence_agreement,-3.5895,-3.3211,0.0003,0.0079,high_confidence_agreement,high_confidence_agreement
106,16458,27056,K2 Na1 Lu1 Cl6,K2 Na1 Lu1 Cl6,0.0970641963379321,Partially Resolved,0.0193276405334472,0.0193,-4.3466,-3.9809,0.0,0.0,high_confidence_agreement,-4.3661,-4.0002,0.0001,0.0015,high_confidence_agreement,high_confidence_agreement
107,16925,24618,Na2 O4,Na2 O4,0.064790813333333,Fully Resolved,0.0273656845092773,0.0628,-4.602,-4.5346,0.0012,0.0129,high_confidence_agreement,-4.5745,-4.4718,0.0005,0.001,high_confidence_agreement,high_confidence_agreement
108,17286,29425,Ti4 Cr4 Ag4 S16,Ti4 Cr4 Ag4 S16,0.0537321264285721,Fully Resolved,0.0430083274841308,0.0596,-6.3317,-6.0537,0.0015,0.0115,high_confidence_agreement,-6.2891,-5.9941,0.0015,0.0164,high_confidence_agreement,high_confidence_agreement
109,17286,47531,Ti4 Cr4 Ag4 S16,Ti4 Cr4 Ag4 S16,0.0553479599999999,Fully Resolved,0.0425114631652832,0.0578,-6.3317,-6.0537,0.0015,0.0115,high_confidence_agreement,-6.29,-5.9959,0.0015,0.0182,high_confidence_agreement,high_confidence_agreement
110,17307,19043,Sr22 Sb20,Sr22 Sb20,0.0935844723809549,Collapsed,0.0024800300598144,0.0013,-3.9207,-3.8296,0.0005,0.0155,high_confidence_agreement,-3.9215,-3.8309,0.0001,0.0178,high_confidence_agreement,high_confidence_agreement
111,17334,26233,K4 O2,K4 O2,0.058663013333333,Fully Resolved,0.0422301292419433,0.0485,-3.561,-3.3055,0.0023,0.0191,high_confidence_agreement,-3.6008,-3.354,0.0003,0.0024,high_confidence_agreement,high_confidence_agreement
112,17495,47602,Mg3 Sn3,Mg3 Sn3,0.058414198333334,Collapsed,0.0045101642608642,0.0132,-2.8731,-2.8692,0.0074,0.0469,high_confidence_agreement,-2.8759,-2.8824,0.0,0.0,high_confidence_agreement,high_confidence_agreement
113,17780,31226,Ca4 La2 Sb2 O12,Ca4 La2 Sb2 O12,0.050438025,Fully Resolved,0.0416550636291503,0.045,-7.3511,-6.9562,0.0002,0.0042,high_confidence_agreement,-7.3108,-6.9112,0.0012,0.0129,high_confidence_agreement,high_confidence_agreement
114,17913,19618,Nd8 S8 O8,Nd8 S8 O8,0.112409880729166,Collapsed,0.0009670257568359,0.0017,-7.5101,-7.1799,0.0004,0.0059,high_confidence_agreement,-7.5094,-7.1782,0.0005,0.0027,high_confidence_agreement,high_confidence_agreement
115,18369,25062,Li1 Rh3,Li1 Rh3,0.068323267499999,Partially Resolved,0.0119671821594238,0.0482,-6.0766,-6.0569,0.0,0.0,high_confidence_agreement,-6.093,-6.1051,0.0011,0.0143,high_confidence_agreement,high_confidence_agreement
116,18553,33611,Er2 As7 Rh12,Er2 As7 Rh12,0.075035410555555,Collapsed,0.004286766052246,0.0049,-6.8818,-6.8787,0.0023,0.0192,high_confidence_agreement,-6.8769,-6.8738,0.0004,0.015,high_confidence_agreement,high_confidence_agreement
117,18611,35287,Ba8 Y4 Br28,Ba8 Y4 Br28,0.0626253262499996,Fully Resolved,0.0370616912841796,0.0576,-4.5779,-4.1965,0.0045,0.0401,high_confidence_agreement,-4.6166,-4.2541,0.0003,0.0509,high_confidence_agreement,high_confidence_agreement
118,19395,36722,Mn6 P3,Mn6 P3,0.107463251034482,Partially Resolved,0.014129638671875,0.021,-8.3771,-8.3944,0.002,0.024,high_confidence_agreement,-8.3912,-8.4154,0.0013,0.0083,high_confidence_agreement,high_confidence_agreement
119,19404,21823,Sr4 Ca8 I24,Sr4 Ca8 I24,0.052393481944444,Fully Resolved,0.0316905975341796,0.0457,-3.5396,-3.2777,0.0004,0.0052,high_confidence_agreement,-3.51,-3.232,0.0001,0.0199,high_confidence_agreement,high_confidence_agreement
120,19500,45478,Al4 Te6,Al4 Te6,0.064714796499999,Partially Resolved,0.0209817886352539,0.0158,-4.0387,-3.8109,0.0021,0.0351,high_confidence_agreement,-4.0568,-3.8267,0.0035,0.0197,high_confidence_agreement,high_confidence_agreement
121,19818,29459,Hg6 S4 Cl4,Hg6 S4 Cl4,0.0763146842857089,Fully Resolved,0.0434329509735107,0.0467,-2.5158,-2.2207,0.0004,0.0022,high_confidence_agreement,-2.4784,-2.174,0.0016,0.0322,high_confidence_agreement,high_confidence_agreement
122,20619,46371,Y2 Mg4,Y2 Mg4,0.059802734999999,Fully Resolved,0.0502736568450927,0.0677,-3.2971,-3.3188,0.0005,0.001,high_confidence_agreement,-3.2477,-3.2511,0.0006,0.0179,high_confidence_agreement,high_confidence_agreement
123,21728,23740,Lu8 Mg4 Se16,Lu8 Mg4 Se16,0.0500895696428569,Partially Resolved,0.0246667861938476,0.0356,-5.3914,-5.1215,0.0012,0.0202,high_confidence_agreement,-5.408,-5.1571,0.0013,0.0179,high_confidence_agreement,high_confidence_agreement
124,22065,23128,Ce1 Al1 Cu2 Ni2,Ce1 Al1 Cu2 Ni2,0.074573063333333,Fully Resolved,0.0650157928466796,0.0574,-5.2351,-5.2389,0.0004,0.0056,high_confidence_agreement,-5.3001,-5.2963,0.0002,0.0069,high_confidence_agreement,high_confidence_agreement
125,22103,24608,Zn1 Ga2 S4,Zn1 Ga2 S4,0.0860293314285709,Fully Resolved,0.0609722137451171,0.0745,-4.4063,-4.1221,0.0001,0.0046,high_confidence_agreement,-4.3481,-4.0476,0.001,0.0018,high_confidence_agreement,high_confidence_agreement
126,22356,41861,Cs8 Hg4 Br16,Cs8 Hg4 Br16,0.130705078472908,Collapsed,0.0021502971649169,0.0016,-2.8015,-2.4992,0.0019,0.0144,high_confidence_agreement,-2.7986,-2.5008,0.0009,0.0119,high_confidence_agreement,high_confidence_agreement
127,23066,46654,Ce2 Mg4,Ce2 Mg4,0.068735483888888,Fully Resolved,0.0269916057586669,0.0659,-3.0042,-3.0029,0.0007,0.0115,high_confidence_agreement,-3.0341,-3.0688,0.0025,0.0148,high_confidence_agreement,high_confidence_agreement
128,23083,45874,Ho4 Mg2 S8,Ho4 Mg2 S8,0.080862884999997,Fully Resolved,0.0750336647033691,0.0693,-6.0571,-5.7758,0.0,0.0,high_confidence_agreement,-5.9821,-5.7065,0.0003,0.0043,high_confidence_agreement,high_confidence_agreement
129,23139,26929,Mn3 Cr1 As4,Mn3 Cr1 As4,0.246121559956896,Fully Resolved,0.0305705070495605,0.0643,-7.1718,-7.2174,0.001,0.0112,high_confidence_agreement,-7.1398,-7.1531,0.0005,0.0043,high_confidence_agreement,high_confidence_agreement
130,23313,43425,Sm1 Ga3 Ni1,Sm1 Ga3 Ni1,0.124939226499999,Fully Resolved,0.0446972846984863,0.0725,-4.4599,-4.4425,0.0,0.0002,high_confidence_agreement,-4.5105,-4.515,0.0053,0.0262,high_confidence_agreement,high_confidence_agreement
131,23469,43919,Cs4 Sn4 F12,Cs4 Sn4 F12,0.1034131984310349,Partially Resolved,0.0119338035583496,0.0082,-4.8856,-4.6181,0.0009,0.0226,high_confidence_agreement,-4.8972,-4.6263,0.003,0.0194,high_confidence_agreement,high_confidence_agreement
132,24144,33446,W2 S2 Cl8,W2 S2 Cl8,0.403954587447917,Collapsed,0.0002341270446777,0.0007,-5.3113,-4.8658,0.0006,0.0015,high_confidence_agreement,-5.313,-4.8665,0.0021,0.0344,high_confidence_agreement,high_confidence_agreement
133,24144,45472,W2 S2 Cl8,W2 S2 Cl8,0.4025173691145839,Collapsed,0.0028252601623535,0.0005,-5.3113,-4.8658,0.0006,0.0015,high_confidence_agreement,-5.3091,-4.8653,0.0015,0.0315,high_confidence_agreement,high_confidence_agreement
134,24354,47531,Ti4 Cr4 Ag4 S16,Ti4 Cr4 Ag4 S16,0.0511696503571428,Fully Resolved,0.0442132949829101,0.055,-6.3311,-6.0509,0.0002,0.0031,high_confidence_agreement,-6.29,-5.9959,0.0015,0.0182,high_confidence_agreement,high_confidence_agreement
135,25540,38475,Ag4 S2,Ag4 S2,0.105614462881945,Collapsed,0.0045831203460693,0.0041,-3.4495,-3.3084,0.0019,0.0077,high_confidence_agreement,-3.4476,-3.3043,0.0011,0.0114,high_confidence_agreement,high_confidence_agreement
136,25540,41040,Ag4 S2,Ag4 S2,0.088899618333332,Fully Resolved,0.0274627208709716,0.0545,-3.4495,-3.3084,0.0019,0.0077,high_confidence_agreement,-3.4215,-3.2539,0.0016,0.0164,high_confidence_agreement,high_confidence_agreement
137,25559,39777,Mg3 Sn1,Mg3 Sn1,0.068743525,Fully Resolved,0.0256385803222656,0.0364,-2.2654,-2.2714,0.0004,0.0051,high_confidence_agreement,-2.291,-2.3078,0.0,0.0,high_confidence_agreement,high_confidence_agreement
138,25702,34811,Li2 V2 F8,Li2 V2 F8,0.0673897891666661,Fully Resolved,0.0499687194824218,0.0608,-6.2426,-5.644,0.0,0.0002,high_confidence_agreement,-6.2927,-5.7048,0.0,0.0042,high_confidence_agreement,high_confidence_agreement
139,25975,38114,Na8 Si8 O20,Na8 Si8 O20,0.059199616666667,Fully Resolved,0.049694538116455,0.0569,-7.0912,-6.706,0.0003,0.0065,high_confidence_agreement,-7.1438,-6.7629,0.0007,0.0123,high_confidence_agreement,high_confidence_agreement
140,25975,49632,Na8 Si8 O20,Na8 Si8 O20,0.0654759291666677,Fully Resolved,0.0508198738098144,0.0569,-7.0912,-6.706,0.0003,0.0065,high_confidence_agreement,-7.1444,-6.7629,0.0004,0.0043,high_confidence_agreement,high_confidence_agreement
141,26513,30118,Mn6 Ir2,Mn6 Ir2,0.0893313862499989,Fully Resolved,0.0266923904418945,0.0434,-8.9836,-8.9995,0.0015,0.088,high_confidence_agreement,-9.0249,-9.0429,0.0068,0.1109,moderate_agreement,moderate_agreement
142,27607,33995,Zr16 N16 O8,Zr16 N16 O8,0.0933666249999967,Fully Resolved,0.0370998382568359,0.0535,-10.0571,-9.7902,0.0005,0.0062,high_confidence_agreement,-10.0216,-9.7367,0.0003,0.0107,high_confidence_agreement,high_confidence_agreement
143,28139,42774,Ba8 Y4 Cl28,Ba8 Y4 Cl28,0.0801805777500006,Fully Resolved,0.0644726753234863,0.0779,-5.185,-4.7648,0.0006,0.0083,high_confidence_agreement,-5.1226,-4.6869,0.0009,0.029,high_confidence_agreement,high_confidence_agreement
144,28599,33067,Cr4 Ni2 O8,Cr4 Ni2 O8,0.0850774600000001,Collapsed,0.001194953918457,0.002,-8.4155,-7.1087,0.0003,0.003,high_confidence_agreement,-8.4165,-7.1107,0.0002,0.0031,high_confidence_agreement,high_confidence_agreement
145,28635,45199,Rb8,Rb8,0.053518797500001,Partially Resolved,0.0197058916091918,0.0049,-0.9054,-0.9017,0.0119,0.0889,high_confidence_agreement,-0.9215,-0.9066,0.0,0.0,high_confidence_agreement,high_confidence_agreement
146,28980,41231,Ba4 Sr4 I16,Ba4 Sr4 I16,0.05519966375,Fully Resolved,0.0349764823913574,0.0674,-3.5894,-3.345,0.0073,0.0974,high_confidence_agreement,-3.5568,-3.2776,0.0017,0.0245,high_confidence_agreement,high_confidence_agreement
147,29239,42774,Ba8 Y4 Cl28,Ba8 Y4 Cl28,0.050372056750001,Fully Resolved,0.0384435653686523,0.0566,-5.1647,-4.7435,0.0,0.0292,high_confidence_agreement,-5.1226,-4.6869,0.0009,0.029,high_confidence_agreement,high_confidence_agreement
148,29962,44163,Ba2 Fe4 As4,Ba2 Fe4 As4,0.1244595349999979,Fully Resolved,0.0328898429870605,0.027,-6.139,-6.171,0.0032,0.0072,high_confidence_agreement,-6.1205,-6.144,0.0053,0.007,high_confidence_agreement,high_confidence_agreement
149,30239,49486,Ca1 C2,Ca1 C2,0.052655018333332,Fully Resolved,0.0364503860473632,0.0506,-6.7501,-6.7705,0.0001,0.0003,high_confidence_agreement,-6.7871,-6.8211,0.0003,0.0002,high_confidence_agreement,high_confidence_agreement
150,31242,41203,U2 Al6 C6,U2 Al6 C6,0.169580747857144,Collapsed,0.0050940513610839,0.0003,-7.2851,-7.3713,0.0014,0.0063,high_confidence_agreement,-7.2846,-7.3716,0.0031,0.0063,high_confidence_agreement,high_confidence_agreement
151,31690,44296,Sn2 Se2,Sn2 Se2,0.051731327499998,Fully Resolved,0.0339493751525878,0.0554,-4.3317,-4.1084,0.0022,0.0242,high_confidence_agreement,-4.3688,-4.1638,0.0017,0.0345,high_confidence_agreement,high_confidence_agreement
152,31835,46752,Ti2 Ni2,Ti2 Ni2,0.05434206,Fully Resolved,0.0253853797912597,0.0591,-7.1807,-7.1524,0.0014,0.0179,high_confidence_agreement,-7.2085,-7.2115,0.0007,0.0063,high_confidence_agreement,high_confidence_agreement
153,32002,49913,Nb10 Ge6,Nb10 Ge6,0.0590342568749999,Partially Resolved,0.0085105895996093,0.0165,-8.4697,-8.49,0.0002,0.0025,high_confidence_agreement,-8.4786,-8.5065,0.0002,0.0058,high_confidence_agreement,high_confidence_agreement
154,33168,33513,Sb2,Sb2,0.050482344999998,Partially Resolved,0.0053396224975585,0.0102,-4.0677,-4.0833,0.0002,0.0064,high_confidence_agreement,-4.0618,-4.0731,0.0081,0.0166,high_confidence_agreement,high_confidence_agreement
155,33295,42981,Ba4 Sr4 I16,Ba4 Sr4 I16,0.0527793879166671,Fully Resolved,0.0368897914886474,0.0355,-3.576,-3.3058,0.0015,0.0157,high_confidence_agreement,-3.6075,-3.3413,0.0003,0.0041,high_confidence_agreement,high_confidence_agreement
156,33630,33734,Mn2 F6,Mn2 F6,0.0860226487499997,Fully Resolved,0.0371146202087402,0.0731,-6.4149,-5.633,0.0,0.0015,high_confidence_agreement,-6.4521,-5.7061,0.0002,0.0011,high_confidence_agreement,high_confidence_agreement
157,33680,38475,Ag4 S2,Ag4 S2,0.139822201215277,Collapsed,0.0031404495239257,0.0272,-3.4406,-3.2771,0.0008,0.0066,high_confidence_agreement,-3.4476,-3.3043,0.0011,0.0114,high_confidence_agreement,high_confidence_agreement
158,33680,41040,Ag4 S2,Ag4 S2,0.05469188,Partially Resolved,0.0197391510009765,0.0232,-3.4406,-3.2771,0.0008,0.0066,high_confidence_agreement,-3.4215,-3.2539,0.0016,0.0164,high_confidence_agreement,high_confidence_agreement
159,34582,38475,Ag4 S2,Ag4 S2,0.11914115454861,Partially Resolved,0.0216937065124511,0.0071,-3.421,-3.2972,0.0004,0.0062,high_confidence_agreement,-3.4476,-3.3043,0.0011,0.0114,high_confidence_agreement,high_confidence_agreement
160,34582,41040,Ag4 S2,Ag4 S2,0.075372926666667,Collapsed,0.0011858940124511,0.0433,-3.421,-3.2972,0.0004,0.0062,high_confidence_agreement,-3.4215,-3.2539,0.0016,0.0164,high_confidence_agreement,high_confidence_agreement
161,35330,49544,Nb2 Cr6 Cu4 S16,Nb2 Cr6 Cu4 S16,0.064228414642857,Fully Resolved,0.0449438095092773,0.0586,-6.6677,-6.4015,0.0007,0.0095,high_confidence_agreement,-6.6268,-6.3429,0.002,0.081,high_confidence_agreement,high_confidence_agreement
162,35859,48131,Pu1 Bi1,Pu1 Bi1,0.0973587649999959,Fully Resolved,0.0836343765258789,0.0012,-9.3746,-9.3958,0.0,0.0,high_confidence_agreement,-9.4583,-9.397,0.0,0.0,high_confidence_agreement,high_confidence_agreement
163,37021,46844,Mg4 Cd2,Mg4 Cd2,0.060678263333333,Partially Resolved,0.0240911245346069,0.0307,-1.4167,-1.4088,0.0,0.0,high_confidence_agreement,-1.4408,-1.4395,0.0,0.0,high_confidence_agreement,high_confidence_agreement
164,37021,48318,Mg4 Cd2,Mg4 Cd2,0.051637416666665,Partially Resolved,0.013609766960144,0.0182,-1.4167,-1.4088,0.0,0.0,high_confidence_agreement,-1.4303,-1.427,0.0,0.0,high_confidence_agreement,high_confidence_agreement
165,37566,41660,Bi4 O4 F4,Bi4 O4 F4,0.0505688758333322,Collapsed,0.0020289421081542,0.0164,-5.7425,-5.3828,0.0016,0.0211,high_confidence_agreement,-5.7417,-5.3992,0.0008,0.0044,high_confidence_agreement,high_confidence_agreement
166,38475,41040,Ag4 S2,Ag4 S2,0.194514081215277,Partially Resolved,0.0228796005249023,0.0504,-3.4476,-3.3043,0.0011,0.0114,high_confidence_agreement,-3.4215,-3.2539,0.0016,0.0164,high_confidence_agreement,high_confidence_agreement
167,38475,46500,Ag4 S2,Ag4 S2,0.11893262954861,Partially Resolved,0.0200655460357666,0.006,-3.4476,-3.3043,0.0011,0.0114,high_confidence_agreement,-3.4225,-3.2983,0.0003,0.004,high_confidence_agreement,high_confidence_agreement
168,38475,47153,Ag4 S2,Ag4 S2,0.110445641215278,Fully Resolved,0.0272142887115478,0.0138,-3.4476,-3.3043,0.0011,0.0114,high_confidence_agreement,-3.4185,-3.2905,0.0013,0.0159,high_confidence_agreement,high_confidence_agreement
169,40250,47218,Al1 V4 S8,Al1 V4 S8,0.1137288705769219,Collapsed,0.0060977935791015,0.0028,-6.8772,-6.6043,0.0001,0.0018,high_confidence_agreement,-6.8758,-6.6015,0.0024,0.0049,high_confidence_agreement,high_confidence_agreement
170,41040,46500,Ag4 S2,Ag4 S2,0.075581451666667,Collapsed,0.0028140544891357,0.0444,-3.4215,-3.2539,0.0016,0.0164,high_confidence_agreement,-3.4225,-3.2983,0.0003,0.004,high_confidence_agreement,high_confidence_agreement
171,41040,47153,Ag4 S2,Ag4 S2,0.084068439999999,Collapsed,0.0043346881866455,0.0366,-3.4215,-3.2539,0.0016,0.0164,high_confidence_agreement,-3.4185,-3.2905,0.0013,0.0159,high_confidence_agreement,high_confidence_agreement
172,41136,41813,Li3 Sb1 S4,Li3 Sb1 S4,0.0663613418750008,Fully Resolved,0.0691685676574707,0.058,-4.3274,-4.0737,0.0,0.0002,high_confidence_agreement,-4.3974,-4.1317,0.0002,0.0071,high_confidence_agreement,high_confidence_agreement
173,41231,42981,Ba4 Sr4 I16,Ba4 Sr4 I16,0.0662110291666671,Fully Resolved,0.0533475875854492,0.0637,-3.5568,-3.2776,0.0017,0.0245,high_confidence_agreement,-3.6075,-3.3413,0.0003,0.0041,high_confidence_agreement,high_confidence_agreement
174,41543,43892,Li1 Cd3,Li1 Cd3,0.0680275675,Fully Resolved,0.0359950065612793,0.0723,-1.277,-1.2569,0.0,0.0007,high_confidence_agreement,-1.3119,-1.3292,0.0,0.0,high_confidence_agreement,high_confidence_agreement
175,45066,49137,Ca4 Mg2,Ca4 Mg2,0.066207575833333,Fully Resolved,0.047275424003601,0.0802,-1.8989,-1.9297,0.0009,0.0083,high_confidence_agreement,-1.8507,-1.8495,0.0002,0.0037,high_confidence_agreement,high_confidence_agreement
176,45854,46991,Bi4 O8,Bi4 O8,0.0508632150000001,Partially Resolved,0.0239472389221191,0.0431,-5.9972,-5.57,0.0007,0.0096,high_confidence_agreement,-5.9736,-5.5269,0.0006,0.0061,high_confidence_agreement,high_confidence_agreement
177,46654,49104,Ce2 Mg4,Ce2 Mg4,0.062944207222222,Partially Resolved,0.0195634365081787,0.0329,-3.0341,-3.0688,0.0025,0.0148,high_confidence_agreement,-3.0129,-3.0359,0.0035,0.017,high_confidence_agreement,high_confidence_agreement
