pair_index,struct_idx_1,struct_idx_2,mp_id_1,mp_id_2,formula_1,formula_2,target_energy_1,target_energy_2,true_energy_gap,chgnet_pred_1,chgnet_pred_2,chgnet_pred_gap,resolution_ratio,classification
1,143,33995,idx_143,idx_33995,Zr16 N16 O8,Zr16 N16 O8,-2.334244598999999,-2.24159692125,0.09264767774999871,-10.056022644042969,-10.019193649291992,0.03682899475097656,0.3975166528227101,Fully Resolved
2,150,46371,idx_150,idx_46371,Y2 Mg4,Y2 Mg4,-0.054424791666665,0.0073129683333330005,0.061737759999998004,-3.297177314758301,-3.2459537982940674,0.0512235164642334,0.8296950920188075,Fully Resolved
3,158,41712,idx_158,idx_41712,Li4 Mg2 Cl8,Li4 Mg2 Cl8,-2.181143846666666,-1.9973125469047621,0.18383129976190404,-3.9962546825408936,-3.958940029144287,0.037314653396606445,0.20298313423740086,Fully Resolved
4,200,28139,idx_200,idx_28139,Ba8 Y4 Cl28,Ba8 Y4 Cl28,-2.81066238025,-2.864741821250001,0.05407944100000073,-5.1524271965026855,-5.184175968170166,0.03174877166748047,0.5870765503563552,Fully Resolved
5,206,35021,idx_206,idx_35021,Ba2 Nb4 O12,Ba2 Nb4 O12,-2.9864116841666672,-3.216098964999999,0.2296872808333319,-8.963709831237793,-8.967408180236816,0.0036983489990234375,0.0161016708700865,Collapsed
6,335,4369,idx_335,idx_4369,Zn2 In4 S8,Zn2 In4 S8,-0.7520194939540781,-0.8060035630357121,0.053984069081634,-4.166520118713379,-4.198997497558594,0.032477378845214844,0.6016104268854386,Fully Resolved
7,529,38475,idx_529,idx_38475,Ag4 S2,Ag4 S2,-0.10611317427083301,-0.223968058819444,0.117854884548611,-3.446674346923828,-3.4422435760498047,0.0044307708740234375,0.037595139912897715,Collapsed
8,529,41040,idx_529,idx_41040,Ag4 S2,Ag4 S2,-0.10611317427083301,-0.029453977604167004,0.07665919666666601,-3.446674346923828,-3.4193639755249023,0.02731037139892578,0.35625694745639364,Fully Resolved
9,901,17981,idx_901,idx_17981,Rb1 Ag1 Br3,Rb1 Ag1 Br3,-1.049502209749999,-1.2089664068333321,0.15946419708333304,-2.9210665225982666,-2.9269790649414062,0.0059125423431396484,0.03707755377873231,Collapsed
10,1061,9603,idx_1061,idx_9603,Ce2 O2 F2,Ce2 O2 F2,-4.084567068333334,-3.988052403333332,0.09651466500000216,-8.306371688842773,-8.233478546142578,0.07289314270019531,0.7552545791895323,Fully Resolved
11,1072,24101,idx_1072,idx_24101,Zn10 S10,Zn10 S10,-0.9112306617633921,-0.9623525084062501,0.051121846642858015,-3.7268247604370117,-3.721534490585327,0.00529026985168457,0.10348354371161293,Partially Resolved
12,1169,8258,idx_1169,idx_8258,Ca2 Mg4,Ca2 Mg4,-0.043852536666667004,-0.11041794833333402,0.06656541166666702,-1.748070478439331,-1.827627420425415,0.07955694198608398,1.195169382929281,Fully Resolved
13,1283,3065,idx_1283,idx_3065,Tm4 As4 Se4,Tm4 As4 Se4,-1.611563001354165,-1.543236955781253,0.068326045572912,-5.740785598754883,-5.742781162261963,0.001995563507080078,0.02920648327218901,Collapsed
14,1833,9190,idx_1833,idx_9190,Rb2,Rb2,0.07019465250000001,0.010023252500000001,0.06017140000000001,-0.8934036493301392,-0.9662814736366272,0.07287782430648804,1.2111704947281936,Fully Resolved
15,1833,48983,idx_1833,idx_48983,Rb2,Rb2,0.07019465250000001,0.014380673749998001,0.055813978750002005,-0.8934036493301392,-0.9361038208007812,0.04270017147064209,0.7650443925866969,Fully Resolved
16,2291,40272,idx_2291,idx_40272,Y2 Br6,Y2 Br6,-2.218373205,-2.30537281125,0.08699960625000003,-5.090603828430176,-5.122531890869141,0.031928062438964844,0.3669908843865007,Fully Resolved
17,2404,11894,idx_2404,idx_11894,Sn2 S2,Sn2 S2,-0.443577061406251,-0.39338853890625103,0.0501885225,-4.697697639465332,-4.657958030700684,0.03973960876464844,0.7918067076919516,Fully Resolved
18,2404,19585,idx_2404,idx_19585,Sn2 S2,Sn2 S2,-0.443577061406251,-0.38690704640625,0.05667001500000102,-4.697697639465332,-4.658199310302734,0.039498329162597656,0.6969881543634133,Fully Resolved
19,2788,15170,idx_2788,idx_15170,Ce2 Mg4,Ce2 Mg4,0.050904734444443,-0.013110206666664001,0.064014941111107,-2.96002459526062,-3.001858711242676,0.041834115982055664,0.6535054981843477,Fully Resolved
20,2788,15842,idx_2788,idx_15842,Ce2 Mg4,Ce2 Mg4,0.050904734444443,-0.01827709833333,0.06918183277777301,-2.96002459526062,-3.0201127529144287,0.060088157653808594,0.8685540009734164,Fully Resolved
21,2788,46654,idx_2788,idx_46654,Ce2 Mg4,Ce2 Mg4,0.050904734444443,-0.043528237222221,0.094432971666664,-2.96002459526062,-3.02885103225708,0.06882643699645996,0.728839046169258,Fully Resolved
22,3051,13968,idx_3051,idx_13968,Ta1 Cr3 Cu2 S8,Ta1 Cr3 Cu2 S8,-0.9944901283809511,-0.9121684319523801,0.08232169642857101,-6.818593978881836,-6.733554363250732,0.08503961563110352,1.0330158308252404,Fully Resolved
23,3051,46325,idx_3051,idx_46325,Ta1 Cr3 Cu2 S8,Ta1 Cr3 Cu2 S8,-0.9944901283809511,-0.9012030283809521,0.09328709999999896,-6.818593978881836,-6.7401041984558105,0.07848978042602539,0.8413787160928603,Fully Resolved
24,3089,26110,idx_3089,idx_26110,Pr8 Si12 Pd4,Pr8 Si12 Pd4,-0.956523061805555,-0.8508954751388891,0.10562758666666594,-5.987298011779785,-5.9873833656311035,8.535385131835938e-05,0.0008080640106614822,Collapsed
25,3092,20809,idx_3092,idx_20809,Bi4 Br12,Bi4 Br12,-1.110768668750001,-1.17217281125,0.06140414249999915,-3.307450771331787,-3.3281564712524414,0.020705699920654297,0.33720363281116716,Partially Resolved
26,3191,31835,idx_3191,idx_31835,Ti2 Ni2,Ti2 Ni2,-0.38580461666666604,-0.324108791666666,0.06169582500000004,-7.211687088012695,-7.1807074546813965,0.030979633331298828,0.5021350039698603,Fully Resolved
27,3258,33995,idx_3258,idx_33995,Zr16 N16 O8,Zr16 N16 O8,-2.334325410749997,-2.24159692125,0.09272848949999668,-10.055563926696777,-10.019193649291992,0.036370277404785156,0.3922233350386502,Fully Resolved
28,3498,9464,idx_3498,idx_9464,Li1 O8,Li1 O8,-0.357006413703703,-0.42170755703703605,0.06470114333333304,-4.877574920654297,-4.900503158569336,0.022928237915039062,0.3543714490007595,Partially Resolved
29,3529,26417,idx_3529,idx_26417,Tm1 Mn12,Tm1 Mn12,-0.014119485782494001,-0.092649795676392,0.078530309893898,-8.776388168334961,-8.5247220993042,0.2516660690307617,3.204699807893115,Fully Resolved
30,3821,25975,idx_3821,idx_25975,Na8 Si8 O20,Na8 Si8 O20,-2.89998372836207,-2.8373910603065142,0.06259266805555574,-7.137570381164551,-7.091170310974121,0.04640007019042969,0.7413020028040042,Fully Resolved
31,3945,48748,idx_3945,idx_48748,K1 Cr2 S4,K1 Cr2 S4,-1.099107886750001,-1.032542959607142,0.066564927142859,-6.3415727615356445,-6.3269572257995605,0.014615535736083984,0.21956811737683876,Partially Resolved
32,4110,34376,idx_4110,idx_34376,Cd1 Cl2,Cd1 Cl2,-1.178925751666668,-1.272014778333333,0.09308902666666508,-2.975071668624878,-3.0257346630096436,0.050662994384765625,0.5442423903107357,Fully Resolved
33,4148,37487,idx_4148,idx_37487,Lu1 Fe10 Si2,Lu1 Fe10 Si2,-0.18181260897435902,-0.24887721051282102,0.067064601538462,-7.87301778793335,-7.922548770904541,0.049530982971191406,0.7385562850587438,Fully Resolved
34,4235,15500,idx_4235,idx_15500,Pr12 Co4 Br12,Pr12 Co4 Br12,-1.345656792142855,-1.413563742499999,0.06790695035714389,-5.1872687339782715,-5.188215732574463,0.0009469985961914062,0.013945532691585242,Collapsed
35,4255,23594,idx_4255,idx_23594,Cr1 Ni3,Cr1 Ni3,0.068634129999999,0.007950109999999,0.060684020000000005,-6.7379255294799805,-6.7538652420043945,0.015939712524414062,0.26266737972227383,Partially Resolved
36,4324,34848,idx_4324,idx_34848,Nd8 Si12 Pd4,Nd8 Si12 Pd4,-0.8976354266666651,-0.9709179466666641,0.07328251999999902,-5.992554664611816,-5.99232816696167,0.00022649765014648438,0.003090745926129279,Collapsed
37,4791,34591,idx_4791,idx_34591,Mn6 Co2,Mn6 Co2,-0.009798589698275,-0.21375206086206802,0.20395347116379303,-8.599493980407715,-8.4867582321167,0.11273574829101562,0.5527522902538817,Fully Resolved
38,4961,5233,idx_4961,idx_5233,Zr2 Cr2 Cu2 S8,Zr2 Cr2 Cu2 S8,-1.25666696,-1.185066812857143,0.0716001471428569,-6.768742084503174,-6.6975016593933105,0.07124042510986328,0.9949759595846096,Fully Resolved
39,4961,8549,idx_4961,idx_8549,Zr2 Cr2 Cu2 S8,Zr2 Cr2 Cu2 S8,-1.25666696,-1.185504033571428,0.07116292642857203,-6.768742084503174,-6.698342800140381,0.07039928436279297,0.9892691025495481,Fully Resolved
40,5005,42983,idx_5005,idx_42983,Ba10 Ga12,Ba10 Ga12,-0.40862064454545405,-0.467605253636365,0.05898460909091097,-2.901792526245117,-2.9018402099609375,4.76837158203125e-05,0.000808409457233483,Collapsed
41,5332,23872,idx_5332,idx_23872,Tb2 P2 O8,Tb2 P2 O8,-3.500272270218253,-3.42011099438492,0.08016127583333299,-8.465558052062988,-8.405601501464844,0.05995655059814453,0.747949056135321,Fully Resolved
42,5375,37021,idx_5375,idx_37021,Mg4 Cd2,Mg4 Cd2,-0.055680506666665006,0.022777558333334003,0.07845806499999901,-1.434207558631897,-1.4166972637176514,0.017510294914245605,0.2231803054822449,Partially Resolved
43,5480,38520,idx_5480,idx_38520,Ce2 Se4,Ce2 Se4,-1.853317743229165,-1.905549541562499,0.05223179833333402,-6.099618911743164,-6.176202774047852,0.0765838623046875,1.466230624799532,Fully Resolved
44,5500,31835,idx_5500,idx_31835,Ti2 Ni2,Ti2 Ni2,-0.39585502666666605,-0.324108791666666,0.07174623500000005,-7.208593845367432,-7.1807074546813965,0.027886390686035156,0.3886808929560574,Fully Resolved
45,5555,33995,idx_5555,idx_33995,Zr16 N16 O8,Zr16 N16 O8,-2.333471655749997,-2.24159692125,0.09187473449999661,-10.055282592773438,-10.019193649291992,0.03608894348144531,0.39280596213800917,Fully Resolved
46,5616,15474,idx_5616,idx_15474,Ca4 Mg2,Ca4 Mg2,-0.023561929166666003,0.030172624166667,0.053734553333333004,-1.8832087516784668,-1.820745587348938,0.06246316432952881,1.1624394445423112,Fully Resolved
47,5787,38657,idx_5787,idx_38657,Gd6 Y2 O12,Gd6 Y2 O12,-3.893394310500001,-3.820042391000001,0.07335191949999986,-11.71259880065918,-11.655878067016602,0.056720733642578125,0.7732685665107677,Fully Resolved
48,5886,33995,idx_5886,idx_33995,Zr16 N16 O8,Zr16 N16 O8,-2.335620429249997,-2.24159692125,0.0940235079999967,-10.056511878967285,-10.019193649291992,0.03731822967529297,0.39690318377925526,Fully Resolved
49,6019,37021,idx_6019,idx_37021,Mg4 Cd2,Mg4 Cd2,-0.046588941666666,0.022777558333334003,0.0693665,-1.4259392023086548,-1.4166972637176514,0.009241938591003418,0.1332334569425215,Partially Resolved
50,6209,20976,idx_6209,idx_20976,Nd4 As4 Se4,Nd4 As4 Se4,-1.602838564114583,-1.689557799687496,0.08671923557291294,-5.896644115447998,-5.896430492401123,0.000213623046875,0.002463387107412717,Collapsed
51,6212,7263,idx_6212,idx_7263,As6 Pb10 Cl2 O18,As6 Pb10 Cl2 O18,-1.542091407638889,-1.62900363875,0.08691223111111102,-5.927527904510498,-5.966427326202393,0.03889942169189453,0.4475713164256988,Fully Resolved
52,6259,30344,idx_6259,idx_30344,Te3,Te3,0.000981610000001,0.07254629999999901,0.07156468999999802,-3.1569085121154785,-3.099257230758667,0.05765128135681152,0.8055827721298467,Fully Resolved
53,6402,38475,idx_6402,idx_38475,Ag4 S2,Ag4 S2,-0.104605967604167,-0.223968058819444,0.11936209121527701,-3.4214184284210205,-3.4422435760498047,0.02082514762878418,0.1744703650610873,Partially Resolved
54,6402,41040,idx_6402,idx_41040,Ag4 S2,Ag4 S2,-0.104605967604167,-0.029453977604167004,0.07515199,-3.4214184284210205,-3.4193639755249023,0.002054452896118164,0.027337305321098803,Collapsed
55,6454,17572,idx_6454,idx_17572,La1 C2,La1 C2,-0.330961655,-0.275397878333334,0.05556377666666601,-7.937989234924316,-7.91563081741333,0.022358417510986328,0.4023919692341514,Partially Resolved
56,6507,10064,idx_6507,idx_10064,Ag1 I1,Ag1 I1,-0.46390137333333203,-0.37274297833333203,0.091158395,-2.5916712284088135,-2.5379300117492676,0.0537412166595459,0.5895366703148502,Fully Resolved
57,6511,48293,idx_6511,idx_48293,Tb1 Hg2,Tb1 Hg2,-0.43044626541666203,-0.48267992833333,0.05223366291666798,-2.137538194656372,-2.121255397796631,0.01628279685974121,0.31172994483879674,Partially Resolved
58,6511,49619,idx_6511,idx_49619,Tb1 Hg2,Tb1 Hg2,-0.43044626541666203,-0.48841836541666306,0.057972100000001026,-2.137538194656372,-2.1276097297668457,0.009928464889526367,0.17126281244816371,Partially Resolved
59,6704,15474,idx_6704,idx_15474,Ca4 Mg2,Ca4 Mg2,-0.045340510833333,0.030172624166667,0.07551313500000001,-1.8967633247375488,-1.820745587348938,0.07601773738861084,1.0066823128004265,Fully Resolved
60,6704,49137,idx_6704,idx_49137,Ca4 Mg2,Ca4 Mg2,-0.045340510833333,0.0247444375,0.07008494833333301,-1.8967633247375488,-1.8507007360458374,0.046062588691711426,0.6572393900132714,Fully Resolved
61,6971,46925,idx_6971,idx_46925,Mg1 Al1,Mg1 Al1,0.06514492250000001,0.0143388125,0.05080611000000001,-2.6373414993286133,-2.656817674636841,0.01947617530822754,0.38334317089475134,Partially Resolved
62,7054,18742,idx_7054,idx_18742,Li1 Y1 S2,Li1 Y1 S2,-2.012445979583333,-2.088289402083332,0.07584342249999887,-6.188520431518555,-6.229465484619141,0.04094505310058594,0.5398629406602339,Fully Resolved
63,7408,36041,idx_7408,idx_36041,Ba2 Y2 F10,Ba2 Y2 F10,-4.33565048357143,-4.272817090000001,0.06283339357142914,-6.897065162658691,-6.837017059326172,0.06004810333251953,0.9556718158833283,Fully Resolved
64,7434,12139,idx_7434,idx_12139,Ca4 Bi4 O12,Ca4 Bi4 O12,-2.238927774999999,-2.1646717075,0.07425606749999902,-6.3668622970581055,-6.2766571044921875,0.09020519256591797,1.2147854795289172,Fully Resolved
65,7752,35599,idx_7752,idx_35599,Sr8 Ta4 O18,Sr8 Ta4 O18,-3.424987994977778,-3.26336753022778,0.16162046474999814,-8.410628318786621,-8.411242485046387,0.000614166259765625,0.003800052553466204,Collapsed
66,7924,24256,idx_7924,idx_24256,Ti4 Cu4 Ge4,Ti4 Cu4 Ge4,-0.372016088055557,-0.45810644805555706,0.08609036000000003,-5.914391994476318,-5.943541526794434,0.029149532318115234,0.338592292076781,Fully Resolved
67,8088,9695,idx_8088,idx_9695,Ta8 Al2 C6,Ta8 Al2 C6,-0.5638284867916561,-0.639050575541666,0.07522208875000991,-10.380117416381836,-10.403602600097656,0.023485183715820312,0.31221126807406313,Partially Resolved
68,8245,24101,idx_8245,idx_24101,Zn10 S10,Zn10 S10,-0.9104130257633921,-0.9623525084062501,0.05193948264285797,-3.725849151611328,-3.721534490585327,0.0043146610260009766,0.08307092805812288,Collapsed
69,8329,20304,idx_8329,idx_20304,Fe3 Si1,Fe3 Si1,-0.20646127249999802,-0.30406866999999904,0.09760739750000103,-7.881679534912109,-7.9079999923706055,0.026320457458496094,0.26965637987116514,Fully Resolved
70,8659,9588,idx_8659,idx_9588,K4 Cd2 Pb2,K4 Cd2 Pb2,-0.157758239874998,-0.270583665624997,0.11282542574999901,-1.8953087329864502,-1.8902498483657837,0.005058884620666504,0.044838161141763276,Collapsed
71,8944,39270,idx_8944,idx_39270,Bi2 I6,Bi2 I6,-0.76378100625,-0.68001425625,0.08376675,-2.833617925643921,-2.816648483276367,0.01696944236755371,0.20257969143548854,Partially Resolved
72,9085,37586,idx_9085,idx_37586,Ho2 Cu2 Pb2,Ho2 Cu2 Pb2,-0.316002746666663,-0.375390489999998,0.05938774333333502,-4.488824844360352,-4.497665882110596,0.00884103775024414,0.14886973732308104,Partially Resolved
73,9488,11326,idx_9488,idx_11326,Na1 Bi1 S2,Na1 Bi1 S2,-0.7740763176562481,-0.8714844376562491,0.09740812000000099,-4.297740936279297,-4.322577953338623,0.024837017059326172,0.254978918177724,Partially Resolved
74,9690,30033,idx_9690,idx_30033,Li1 Sm1 S2,Li1 Sm1 S2,-1.9856561608333332,-2.053430080833333,0.06777391999999982,-5.728421211242676,-5.7601518630981445,0.03173065185546875,0.46818380662456643,Fully Resolved
75,9785,11977,idx_9785,idx_11977,Mn3 Fe1 As4,Mn3 Fe1 As4,-0.38636250043103304,-0.24253106422413803,0.143831436206895,-6.9697418212890625,-7.027059078216553,0.057317256927490234,0.3985029868230055,Fully Resolved
76,9846,46945,idx_9846,idx_46945,Ca1 Ti4 S8,Ca1 Ti4 S8,-1.7850835733333341,-1.725862031794872,0.05922154153846204,-6.886651515960693,-6.841365814208984,0.045285701751708984,0.7646829274495957,Fully Resolved
77,10302,30648,idx_10302,idx_30648,Mn6 P24,Mn6 P24,-0.306579858967159,-0.359478627967159,0.05289876900000001,-6.474930286407471,-6.484325885772705,0.009395599365234375,0.17761470716330607,Partially Resolved
78,10305,31349,idx_10305,idx_31349,Na2 Mo6 Se6,Na2 Mo6 Se6,-0.7467167274553581,-0.8244828326547111,0.07776610519935301,-7.137325286865234,-7.1344146728515625,0.002910614013671875,0.03742779719018371,Collapsed
79,10964,15152,idx_10964,idx_15152,Tm1 Al1 Ni4,Tm1 Al1 Ni4,-0.46899492833333406,-0.537411443333334,0.06841651499999996,-5.7037224769592285,-5.758533477783203,0.05481100082397461,0.8011369889854028,Fully Resolved
80,11029,25817,idx_11029,idx_25817,Th1 Al2 Ni3,Th1 Al2 Ni3,-0.5330116516666651,-0.5899844683333301,0.05697281666666498,-5.965044021606445,-6.0058465003967285,0.0408024787902832,0.7161745052734402,Fully Resolved
81,11173,47498,idx_11173,idx_47498,La4 Mg4 I20,La4 Mg4 I20,-1.534099867142857,-1.587102582857145,0.05300271571428805,-3.598527193069458,-3.6060564517974854,0.007529258728027344,0.14205420659224194,Partially Resolved
82,11791,29664,idx_11791,idx_29664,Li1 Dy1 S2,Li1 Dy1 S2,-2.094347057499999,-2.018151857499998,0.0761952000000008,-5.765114784240723,-5.722087383270264,0.043027400970458984,0.5646996263604339,Fully Resolved
83,12051,16206,idx_12051,idx_16206,K8 S20,K8 S20,-0.700578589866071,-0.6399772866517861,0.06060130321428492,-4.189598083496094,-4.151895046234131,0.03770303726196289,0.6221489516264321,Fully Resolved
84,12139,48945,idx_12139,idx_48945,Ca4 Bi4 O12,Ca4 Bi4 O12,-2.1646717075,-2.264222731499998,0.09955102399999793,-6.2766571044921875,-6.37778902053833,0.10113191604614258,1.0158802188327534,Fully Resolved
85,12684,20317,idx_12684,idx_20317,Er2 Al2 Si2,Er2 Al2 Si2,-0.609758799444447,-0.660029219444446,0.05027041999999904,-5.148399353027344,-5.182651519775391,0.034252166748046875,0.6813582768564005,Fully Resolved
86,12754,22350,idx_12754,idx_22350,Ce1 Mg3,Ce1 Mg3,0.036120403749999995,-0.05458833874999901,0.090708742499999,-2.6245803833007812,-2.6205739974975586,0.004006385803222656,0.044167581787639715,Collapsed
87,12834,43911,idx_12834,idx_43911,Ca2 Sn2 Hg2,Ca2 Sn2 Hg2,-0.512881214166671,-0.44414865083333505,0.06873256333333594,-2.5999839305877686,-2.6005542278289795,0.0005702972412109375,0.008297337005243597,Collapsed
88,12846,26680,idx_12846,idx_26680,Ba2 Sm1 U1 O6,Ba2 Sm1 U1 O6,-3.52770378575,-3.5953958395,0.06769205375000009,-8.554512977600098,-8.533427238464355,0.021085739135742188,0.31149504214506357,Partially Resolved
89,12903,43556,idx_12903,idx_43556,Fe4 P2 O10,Fe4 P2 O10,-2.145798818705358,-2.033180726465774,0.11261809223958386,-8.019465446472168,-8.006328582763672,0.013136863708496094,0.11664967366476707,Partially Resolved
90,13263,35293,idx_13263,idx_35293,Er2 Te1 O2,Er2 Te1 O2,-3.257965529333332,-3.3368576393333322,0.0788921100000004,-7.713113784790039,-7.756679058074951,0.04356527328491211,0.5522133111272076,Fully Resolved
91,13284,28673,idx_13284,idx_28673,La10 Pb6 O2,La10 Pb6 O2,-1.233189295,-1.3749573115277811,0.14176801652778104,-5.779718399047852,-5.779743194580078,2.47955322265625e-05,0.00017490215941409843,Collapsed
92,13489,37489,idx_13489,idx_37489,La3 Mg3,La3 Mg3,-0.068303493333335,-0.0047894700000000005,0.063514023333335,-3.3309388160705566,-3.2870638370513916,0.04387497901916504,0.6907919970507913,Fully Resolved
93,13694,47003,idx_13694,idx_47003,K10 U4 O8 F18,K10 U4 O8 F18,-3.4441966828124992,-3.347230169562499,0.09696651325000039,-6.715395927429199,-6.6350579261779785,0.0803380012512207,0.8285128397273828,Fully Resolved
94,13999,24101,idx_13999,idx_24101,Zn10 S10,Zn10 S10,-0.9114680992633931,-0.9623525084062501,0.05088440914285697,-3.7267186641693115,-3.721534490585327,0.005184173583984375,0.10188137528392853,Partially Resolved
95,14262,49544,idx_14262,idx_49544,Nb2 Cr6 Cu4 S16,Nb2 Cr6 Cu4 S16,-0.975402395,-0.9088581621428571,0.06654423285714295,-6.664370059967041,-6.622522830963135,0.04184722900390625,0.6288633470874,Fully Resolved
96,14328,29704,idx_14328,idx_29704,Ce4 Mg2,Ce4 Mg2,0.009488996666666001,0.059560110555556,0.050071113888890004,-4.40077018737793,-4.405440330505371,0.004670143127441406,0.09327020640692472,Collapsed
97,14733,35653,idx_14733,idx_35653,Mg4 Cu6 Ge2,Mg4 Cu6 Ge2,-0.137138185833335,-0.21521549416666702,0.07807730833333201,-3.4943349361419678,-3.5347728729248047,0.040437936782836914,0.5179217578838273,Fully Resolved
98,14739,18807,idx_14739,idx_18807,Tb1 Al1 Ni4,Tb1 Al1 Ni4,-0.458746757777776,-0.520720659444439,0.061973901666663,-5.718096733093262,-5.769469261169434,0.051372528076171875,0.8289380964343284,Fully Resolved
99,14795,33995,idx_14795,idx_33995,Zr16 N16 O8,Zr16 N16 O8,-2.337749208249997,-2.24159692125,0.09615228699999667,-10.057421684265137,-10.019193649291992,0.03822803497314453,0.3975780105276732,Fully Resolved
100,15439,33995,idx_15439,idx_33995,Zr16 N16 O8,Zr16 N16 O8,-2.336674785749997,-2.24159692125,0.09507786449999678,-10.057518005371094,-10.019193649291992,0.03832435607910156,0.4030838963479545,Fully Resolved
101,15474,45066,idx_15474,idx_45066,Ca4 Mg2,Ca4 Mg2,0.030172624166667,-0.041463138333333004,0.0716357625,-1.820745587348938,-1.8979761600494385,0.07723057270050049,1.0781007977754196,Fully Resolved
102,15667,45854,idx_15667,idx_45854,Bi4 O8,Bi4 O8,-1.387369848333333,-1.439043993333334,0.051674145000001115,-5.992697715759277,-5.996181964874268,0.0034842491149902344,0.06742732008415735,Collapsed
103,15885,38475,idx_15885,idx_38475,Ag4 S2,Ag4 S2,-0.10776626593749901,-0.223968058819444,0.116201792881945,-3.4491732120513916,-3.4422435760498047,0.006929636001586914,0.05963450158318181,Collapsed
104,15885,41040,idx_15885,idx_41040,Ag4 S2,Ag4 S2,-0.10776626593749901,-0.029453977604167004,0.07831228833333201,-3.4491732120513916,-3.4193639755249023,0.029809236526489258,0.38064570913325707,Fully Resolved
105,15925,46147,idx_15925,idx_46147,Ba4 Ca8 I24,Ba4 Ca8 I24,-1.846682410277777,-1.8991659047222211,0.05248349444444411,-3.5274486541748047,-3.5889809131622314,0.06153225898742676,1.1724116246215488,Fully Resolved
106,16458,27056,idx_16458,idx_27056,K2 Na1 Lu1 Cl6,K2 Na1 Lu1 Cl6,-2.426990218254597,-2.329926021916665,0.09706419633793217,-4.3465986251831055,-4.365926265716553,0.019327640533447266,0.19912224344965937,Partially Resolved
107,16925,24618,idx_16925,idx_24618,Na2 O4,Na2 O4,-0.9068322404597691,-0.842041427126436,0.06479081333333303,-4.601811408996582,-4.574445724487305,0.027365684509277344,0.42236982530976314,Fully Resolved
108,17286,29425,idx_17286,idx_29425,Ti4 Cr4 Ag4 S16,Ti4 Cr4 Ag4 S16,-1.076202752499999,-1.022470626071427,0.05373212642857217,-6.329071521759033,-6.286063194274902,0.04300832748413086,0.8004210952139257,Fully Resolved
109,17286,47531,idx_17286,idx_47531,Ti4 Cr4 Ag4 S16,Ti4 Cr4 Ag4 S16,-1.076202752499999,-1.020854792499999,0.055347959999999974,-6.329071521759033,-6.28656005859375,0.0425114631652832,0.7680764235083501,Fully Resolved
110,17307,19043,idx_17307,idx_19043,Sr22 Sb20,Sr22 Sb20,-1.159859154285716,-1.066274681904761,0.09358447238095491,-3.915823459625244,-3.9183034896850586,0.002480030059814453,0.026500443895425076,Collapsed
111,17334,26233,idx_17334,idx_26233,K4 O2,K4 O2,-1.145660673166666,-1.204323686499999,0.058663013333333014,-3.55786395072937,-3.6000940799713135,0.04223012924194336,0.7198765771199773,Fully Resolved
112,17495,47602,idx_17495,idx_47602,Mg3 Sn3,Mg3 Sn3,-0.035980516666665005,-0.094394714999999,0.058414198333334,-2.871389627456665,-2.8758997917175293,0.004510164260864258,0.07721006860570981,Collapsed
113,17780,31226,idx_17780,idx_31226,Ca4 La2 Sb2 O12,Ca4 La2 Sb2 O12,-3.0998927565,-3.0494547315,0.05043802500000005,-7.350636959075928,-7.308981895446777,0.04165506362915039,0.8258662711149048,Fully Resolved
114,17913,19618,idx_17913,idx_19618,Nd8 S8 O8,Nd8 S8 O8,-2.943758944166666,-2.8313490634375,0.11240988072916602,-7.509810447692871,-7.508843421936035,0.0009670257568359375,0.008602675766250784,Collapsed
115,18369,25062,idx_18369,idx_25062,Li1 Rh3,Li1 Rh3,-0.078609514166668,-0.146932781666667,0.06832326749999901,-6.076566219329834,-6.088533401489258,0.011967182159423828,0.17515529624551404,Partially Resolved
116,18553,33611,idx_18553,idx_33611,Er2 As7 Rh12,Er2 As7 Rh12,-0.679822161071427,-0.7548575716269821,0.07503541055555507,-6.876595497131348,-6.872308731079102,0.004286766052246094,0.05712990733984507,Collapsed
117,18611,35287,idx_18611,idx_35287,Ba8 Y4 Br28,Ba8 Y4 Br28,-2.3728678365,-2.43549316275,0.06262532624999961,-4.572216987609863,-4.609278678894043,0.03706169128417969,0.5918003706077286,Fully Resolved
118,19395,36722,idx_19395,idx_36722,Mn6 P3,Mn6 P3,-0.6206113400916801,-0.513148089057198,0.10746325103448207,-8.375360488891602,-8.389490127563477,0.014129638671875,0.13148344700032552,Partially Resolved
119,19404,21823,idx_19404,idx_21823,Sr4 Ca8 I24,Sr4 Ca8 I24,-1.880211539444444,-1.8278180575,0.05239348194444404,-3.5391507148742676,-3.507460117340088,0.03169059753417969,0.604857634157301,Fully Resolved
120,19500,45478,idx_19500,idx_45478,Al4 Te6,Al4 Te6,-0.47936126450000205,-0.544076061000001,0.064714796499999,-4.033700466156006,-4.05468225479126,0.020981788635253906,0.3242193403985166,Partially Resolved
121,19818,29459,idx_19818,idx_29459,Hg6 S4 Cl4,Hg6 S4 Cl4,-0.703719284642854,-0.6274046003571451,0.07631468428570898,-2.5152688026428223,-2.4718358516693115,0.04343295097351074,0.5691296685563854,Fully Resolved
122,20619,46371,idx_20619,idx_46371,Y2 Mg4,Y2 Mg4,-0.05248976666666601,0.0073129683333330005,0.05980273499999901,-3.29622745513916,-3.2459537982940674,0.05027365684509277,0.8406581545993441,Fully Resolved
123,21728,23740,idx_21728,idx_23740,Lu8 Mg4 Se16,Lu8 Mg4 Se16,-1.863556710029762,-1.913646279672619,0.050089569642856935,-5.381581783294678,-5.406248569488525,0.024666786193847656,0.4924535461119755,Partially Resolved
124,22065,23128,idx_22065,idx_23128,Ce1 Al1 Cu2 Ni2,Ce1 Al1 Cu2 Ni2,-0.286746441666666,-0.36131950499999904,0.07457306333333302,-5.234889030456543,-5.299904823303223,0.06501579284667969,0.8718401784846436,Fully Resolved
125,22103,24608,idx_22103,idx_24608,Zn1 Ga2 S4,Zn1 Ga2 S4,-0.8663840866071421,-0.7803547551785711,0.08602933142857094,-4.4061455726623535,-4.345173358917236,0.06097221374511719,0.7087375053674762,Fully Resolved
126,22356,41861,idx_22356,idx_41861,Cs8 Hg4 Br16,Cs8 Hg4 Br16,-1.564234559544337,-1.433529481071429,0.13070507847290802,-2.7991414070129395,-2.7969911098480225,0.002150297164916992,0.016451519635196855,Collapsed
127,23066,46654,idx_23066,idx_46654,Ce2 Mg4,Ce2 Mg4,0.025207246666667002,-0.043528237222221,0.068735483888888,-3.001859426498413,-3.02885103225708,0.026991605758666992,0.39268808818308965,Fully Resolved
128,23083,45874,idx_23083,idx_45874,Ho4 Mg2 S8,Ho4 Mg2 S8,-2.165219511428566,-2.084356626428569,0.08086288499999705,-6.057126045227051,-5.982092380523682,0.07503366470336914,0.9279122888500932,Fully Resolved
129,23139,26929,idx_23139,idx_26929,Mn3 Cr1 As4,Mn3 Cr1 As4,-0.24398712172413803,-0.49010868168103405,0.24612155995689602,-7.170224189758301,-7.13965368270874,0.030570507049560547,0.12420897647046625,Fully Resolved
130,23313,43425,idx_23313,idx_43425,Sm1 Ga3 Ni1,Sm1 Ga3 Ni1,-0.5322667455000001,-0.6572059719999991,0.124939226499999,-4.459906101226807,-4.504603385925293,0.04469728469848633,0.3577522124205458,Fully Resolved
131,23469,43919,idx_23469,idx_43919,Cs4 Sn4 F12,Cs4 Sn4 F12,-2.675741521,-2.779154719431035,0.10341319843103491,-4.882080554962158,-4.894014358520508,0.01193380355834961,0.11539923084680653,Partially Resolved
132,24144,33446,idx_24144,idx_33446,W2 S2 Cl8,W2 S2 Cl8,-0.8851230854687481,-1.289077672916665,0.403954587447917,-5.30958890914917,-5.309823036193848,0.00023412704467773438,0.0005795875376905357,Collapsed
133,24144,45472,idx_24144,idx_45472,W2 S2 Cl8,W2 S2 Cl8,-0.8851230854687481,-1.287640454583332,0.4025173691145839,-5.30958890914917,-5.306763648986816,0.0028252601623535156,0.007018977015993697,Collapsed
134,24354,47531,idx_24354,idx_47531,Ti4 Cr4 Ag4 S16,Ti4 Cr4 Ag4 S16,-1.072024442857142,-1.020854792499999,0.051169650357142826,-6.33077335357666,-6.28656005859375,0.044213294982910156,0.8640530993336829,Fully Resolved
135,25540,38475,idx_25540,idx_38475,Ag4 S2,Ag4 S2,-0.11835359593749901,-0.223968058819444,0.105614462881945,-3.446826696395874,-3.4422435760498047,0.004583120346069336,0.04339481753736996,Collapsed
136,25540,41040,idx_25540,idx_41040,Ag4 S2,Ag4 S2,-0.11835359593749901,-0.029453977604167004,0.08889961833333201,-3.446826696395874,-3.4193639755249023,0.02746272087097168,0.3089183214263003,Fully Resolved
137,25559,39777,idx_25559,idx_39777,Mg3 Sn1,Mg3 Sn1,-0.047394444999999,-0.11613796999999901,0.068743525,-2.2653937339782715,-2.291032314300537,0.025638580322265625,0.37295993073188527,Fully Resolved
138,25702,34811,idx_25702,idx_34811,Li2 V2 F8,Li2 V2 F8,-3.143285582222223,-3.210675371388889,0.06738978916666616,-6.242578983306885,-6.292547702789307,0.049968719482421875,0.7414879924737696,Fully Resolved
139,25975,38114,idx_25975,idx_38114,Na8 Si8 O20,Na8 Si8 O20,-2.8373910603065142,-2.8965906769731813,0.059199616666667065,-7.091170310974121,-7.140864849090576,0.04969453811645508,0.8394402010450194,Fully Resolved
140,25975,49632,idx_25975,idx_49632,Na8 Si8 O20,Na8 Si8 O20,-2.8373910603065142,-2.902866989473182,0.06547592916666778,-7.091170310974121,-7.1419901847839355,0.05081987380981445,0.7761611703203691,Fully Resolved
141,26513,30118,idx_26513,idx_30118,Mn6 Ir2,Mn6 Ir2,-0.43537124836207003,-0.34603986211207105,0.08933138624999898,-8.96925163269043,-8.995944023132324,0.02669239044189453,0.298801927994203,Fully Resolved
142,27607,33995,idx_27607,idx_33995,Zr16 N16 O8,Zr16 N16 O8,-2.334963546249997,-2.24159692125,0.0933666249999967,-10.056293487548828,-10.019193649291992,0.03709983825683594,0.39735653138192845,Fully Resolved
143,28139,42774,idx_28139,idx_42774,Ba8 Y4 Cl28,Ba8 Y4 Cl28,-2.864741821250001,-2.7845612435000002,0.08018057775000065,-5.184175968170166,-5.11970329284668,0.06447267532348633,0.8040934242767515,Fully Resolved
144,28599,33067,idx_28599,idx_33067,Cr4 Ni2 O8,Cr4 Ni2 O8,-1.94796804642857,-2.03304550642857,0.08507746000000016,-8.414968490600586,-8.416163444519043,0.0011949539184570312,0.014045481828642147,Collapsed
145,28635,45199,idx_28635,idx_45199,Rb8,Rb8,0.053649282500000006,0.00013048499999900002,0.053518797500001006,-0.9018113613128662,-0.9215172529220581,0.019705891609191895,0.36820505186409547,Partially Resolved
146,28980,41231,idx_28980,idx_41231,Ba4 Sr4 I16,Ba4 Sr4 I16,-1.9694845491666662,-1.914284885416666,0.05519966375000007,-3.588747501373291,-3.5537710189819336,0.03497648239135742,0.6336357871628769,Fully Resolved
147,29239,42774,idx_29239,idx_42774,Ba8 Y4 Cl28,Ba8 Y4 Cl28,-2.8349333002500012,-2.7845612435000002,0.050372056750001004,-5.158146858215332,-5.11970329284668,0.038443565368652344,0.7631922905083993,Fully Resolved
148,29962,44163,idx_29962,idx_44163,Ba2 Fe4 As4,Ba2 Fe4 As4,-0.5274636070000001,-0.651923141999998,0.12445953499999796,-6.128316402435303,-6.095426559448242,0.03288984298706055,0.264261335919832,Fully Resolved
149,30239,49486,idx_30239,idx_49486,Ca1 C2,Ca1 C2,-0.082445955,-0.13510097333333201,0.05265501833333201,-6.750059604644775,-6.786509990692139,0.03645038604736328,0.6922490429423938,Fully Resolved
150,31242,41203,idx_31242,idx_41203,U2 Al6 C6,U2 Al6 C6,-0.17870322285714102,-0.348283970714285,0.169580747857144,-7.284661769866943,-7.279567718505859,0.005094051361083984,0.03003909008217872,Collapsed
151,31690,44296,idx_31690,idx_44296,Sn2 Se2,Sn2 Se2,-0.377668267031253,-0.42939959453125104,0.05173132749999804,-4.331324100494385,-4.365273475646973,0.03394937515258789,0.6562633667691822,Fully Resolved
152,31835,46752,idx_31835,idx_46752,Ti2 Ni2,Ti2 Ni2,-0.324108791666666,-0.37845085166666603,0.054342060000000025,-7.1807074546813965,-7.206092834472656,0.025385379791259766,0.467140549902962,Fully Resolved
153,32002,49913,idx_32002,idx_49913,Nb10 Ge6,Nb10 Ge6,-0.41763046625000105,-0.476664723125001,0.05903425687499997,-8.469335556030273,-8.477846145629883,0.008510589599609375,0.14416357637278007,Partially Resolved
154,33168,33513,idx_33168,idx_33513,Sb2,Sb2,0.050482344999998006,0.0,0.050482344999998006,-4.0660881996154785,-4.06074857711792,0.005339622497558594,0.10577207729868342,Partially Resolved
155,33295,42981,idx_33295,idx_42981,Ba4 Sr4 I16,Ba4 Sr4 I16,-1.927716526666666,-1.9804959145833332,0.05277938791666714,-3.5702288150787354,-3.607118606567383,0.03688979148864746,0.6989431470272522,Fully Resolved
156,33630,33734,idx_33630,idx_33734,Mn2 F6,Mn2 F6,-2.673052801982759,-2.759075450732759,0.08602264874999976,-6.4146952629089355,-6.451809883117676,0.037114620208740234,0.43145172519162095,Fully Resolved
157,33680,38475,idx_33680,idx_38475,Ag4 S2,Ag4 S2,-0.08414585760416701,-0.223968058819444,0.139822201215277,-3.439103126525879,-3.4422435760498047,0.0031404495239257812,0.022460306708307315,Collapsed
158,33680,41040,idx_33680,idx_41040,Ag4 S2,Ag4 S2,-0.08414585760416701,-0.029453977604167004,0.05469188000000001,-3.439103126525879,-3.4193639755249023,0.019739151000976562,0.36091556920289736,Partially Resolved
159,34582,38475,idx_34582,idx_38475,Ag4 S2,Ag4 S2,-0.104826904270834,-0.223968058819444,0.11914115454861,-3.4205498695373535,-3.4422435760498047,0.021693706512451172,0.1820840715757884,Partially Resolved
160,34582,41040,idx_34582,idx_41040,Ag4 S2,Ag4 S2,-0.104826904270834,-0.029453977604167004,0.075372926666667,-3.4205498695373535,-3.4193639755249023,0.0011858940124511719,0.015733686681634756,Collapsed
161,35330,49544,idx_35330,idx_49544,Nb2 Cr6 Cu4 S16,Nb2 Cr6 Cu4 S16,-0.9730865767857141,-0.9088581621428571,0.064228414642857,-6.667466640472412,-6.622522830963135,0.044943809509277344,0.6997496319843488,Fully Resolved
162,35859,48131,idx_35859,idx_48131,Pu1 Bi1,Pu1 Bi1,-0.6416695118750081,-0.739028276875004,0.09735876499999596,-9.374616622924805,-9.458250999450684,0.0836343765258789,0.8590328413254048,Fully Resolved
163,37021,46844,idx_37021,idx_46844,Mg4 Cd2,Mg4 Cd2,0.022777558333334003,-0.037900704999999,0.060678263333333,-1.4166972637176514,-1.4407883882522583,0.024091124534606934,0.39703055445511926,Partially Resolved
164,37021,48318,idx_37021,idx_48318,Mg4 Cd2,Mg4 Cd2,0.022777558333334003,-0.028859858333331004,0.051637416666665006,-1.4166972637176514,-1.4303070306777954,0.013609766960144043,0.26356405565365837,Partially Resolved
165,37566,41660,idx_37566,idx_41660,Bi4 O4 F4,Bi4 O4 F4,-2.179859815000001,-2.230428690833333,0.05056887583333225,-5.740602016448975,-5.73857307434082,0.002028942108154297,0.04012234946336159,Collapsed
166,38475,41040,idx_38475,idx_41040,Ag4 S2,Ag4 S2,-0.223968058819444,-0.029453977604167004,0.194514081215277,-3.4422435760498047,-3.4193639755249023,0.022879600524902344,0.11762439193068248,Partially Resolved
167,38475,46500,idx_38475,idx_46500,Ag4 S2,Ag4 S2,-0.223968058819444,-0.10503542927083401,0.11893262954861,-3.4422435760498047,-3.422178030014038,0.0200655460357666,0.16871354910693734,Partially Resolved
168,38475,47153,idx_38475,idx_47153,Ag4 S2,Ag4 S2,-0.223968058819444,-0.11352241760416601,0.110445641215278,-3.4422435760498047,-3.415029287338257,0.02721428871154785,0.246404370621584,Fully Resolved
169,40250,47218,idx_40250,idx_47218,Al1 V4 S8,Al1 V4 S8,-1.287627906923076,-1.1738990363461541,0.11372887057692194,-6.876474857330322,-6.870377063751221,0.0060977935791015625,0.05361693603540399,Collapsed
170,41040,46500,idx_41040,idx_46500,Ag4 S2,Ag4 S2,-0.029453977604167004,-0.10503542927083401,0.07558145166666701,-3.4193639755249023,-3.422178030014038,0.002814054489135742,0.03723207780589373,Collapsed
171,41040,47153,idx_41040,idx_47153,Ag4 S2,Ag4 S2,-0.029453977604167004,-0.11352241760416601,0.08406843999999901,-3.4193639755249023,-3.415029287338257,0.004334688186645508,0.05156142051221075,Collapsed
172,41136,41813,idx_41136,idx_41813,Li3 Sb1 S4,Li3 Sb1 S4,-1.028366944999999,-1.094728286875,0.06636134187500087,-4.327392578125,-4.396561145782471,0.0691685676574707,1.0423021250498155,Fully Resolved
173,41231,42981,idx_41231,idx_42981,Ba4 Sr4 I16,Ba4 Sr4 I16,-1.914284885416666,-1.9804959145833332,0.0662110291666671,-3.5537710189819336,-3.607118606567383,0.05334758758544922,0.8057205613155795,Fully Resolved
174,41543,43892,idx_41543,idx_43892,Li1 Cd3,Li1 Cd3,-0.10884519166666501,-0.176872759166665,0.0680275675,-1.2758839130401611,-1.3118789196014404,0.0359950065612793,0.5291238226514464,Fully Resolved
175,45066,49137,idx_45066,idx_49137,Ca4 Mg2,Ca4 Mg2,-0.041463138333333004,0.0247444375,0.066207575833333,-1.8979761600494385,-1.8507007360458374,0.047275424003601074,0.7140485572619273,Fully Resolved
176,45854,46991,idx_45854,idx_46991,Bi4 O8,Bi4 O8,-1.439043993333334,-1.388180778333334,0.05086321500000013,-5.996181964874268,-5.972234725952148,0.02394723892211914,0.47081646180091213,Partially Resolved
177,46654,49104,idx_46654,idx_49104,Ce2 Mg4,Ce2 Mg4,-0.043528237222221,0.019415970000001,0.062944207222222,-3.02885103225708,-3.0092875957489014,0.01956343650817871,0.310805987898311,Partially Resolved
