formula,family,pbe_gap_eV,target_gap_eV,ref_minus_pbe_eV,source_citation,target_level,target_level_status,soc_status,soc_status_provenance,phase_structure,phase_structure_provenance,pbe_structure,pbe_lattice_source,pbe_soc,n11_subset_flag
MgO,alkaline_earth_oxide,4.4750,7.2200,2.7450,"Heyd et al., JCP 123, 174101 (2005), Table V [Exp.]",experimental,VERIFIED,unverified,verified from paper,UNVERIFIED,verified from paper,Materials Project,Materials Project / Exp,noSOC,NO
SrTiO3,transition_metal_perovskite,2.1790,3.2500,1.0710,"Piskunov et al., CMS 29, 165 (2004), Table 4; Bilc et al. PRB 77, 165107 (2008), Table V [Exp.]",experimental,VERIFIED,unverified,verified from paper,UNVERIFIED,verified from paper,Materials Project,Materials Project / Exp,noSOC,NO
BaTiO3,transition_metal_perovskite,2.0680,3.2000,1.1320,"Piskunov et al., CMS 29, 165 (2004), Table 4; Bilc et al. PRB 77, 165107 (2008), Table V [Exp.]",experimental,VERIFIED,unverified,verified from paper,UNVERIFIED,verified from paper,Materials Project,Materials Project / Exp,noSOC,NO
CsPbI3,halide_perovskite,1.3230,1.7300,0.4070,"Castelli et al., APL Mater. 2, 081514 (2014), Table I [Exp.]; JPCL 2017 Table 6 [Exp.]",experimental,VERIFIED,unverified,verified from paper,UNVERIFIED,verified from paper,Materials Project,Materials Project / Exp,noSOC,NO
CsPbBr3,halide_perovskite,1.5320,2.3600,0.8280,"Wiktor et al., J. Phys. Chem. Lett. 8, 5507 (2017), Table 6 [Exp.]",experimental,VERIFIED,unverified,verified from paper,UNVERIFIED,verified from paper,Materials Project,Materials Project / Exp,noSOC,NO
CsPbCl3,halide_perovskite,1.9190,2.8500,0.9310,"Wiktor et al., J. Phys. Chem. Lett. 8, 5507 (2017), Table 6 [Exp.]",experimental,VERIFIED,unverified,verified from paper,UNVERIFIED,verified from paper,Materials Project,Materials Project / Exp,noSOC,NO
CsSnCl3,halide_perovskite,0.7990,2.6000,1.8010,"Wiktor et al., J. Phys. Chem. Lett. 8, 5507 (2017), Table 6 [Exp.]",experimental,VERIFIED,unverified,verified from paper,UNVERIFIED,verified from paper,Materials Project,Materials Project / Exp,noSOC,NO
MAPbI3,halide_perovskite,1.5500,1.5700,0.0200,"Castelli et al., APL Mater. 2, 081514 (2014), Table I [Exp.]; Mosconi 2013 Table 1 [Exp.]",experimental,VERIFIED,unverified,verified from paper,UNVERIFIED,verified from paper,Materials Project,Materials Project / Exp,noSOC,NO
MAPbBr3,halide_perovskite,1.9000,2.3300,0.4300,"Castelli et al., APL Mater. 2, 081514 (2014), Table I [Exp.]; Mosconi 2013 Table 1 [Exp.]",experimental,VERIFIED,unverified,verified from paper,UNVERIFIED,verified from paper,Materials Project,Materials Project / Exp,noSOC,NO
MAPbCl3,halide_perovskite,2.4500,3.1100,0.6600,"Mosconi et al., J. Phys. Chem. C 117, 13902 (2013), Table 1 [Exp.]",experimental,VERIFIED,unverified,verified from paper,UNVERIFIED,verified from paper,Materials Project,Materials Project / Exp,noSOC,NO
