formula,family,pbe_gap_eV,target_gap_eV,classical_leverage_hii,ridge_leverage_hii,held_out_query_leverage_hq,high_leverage_flag
MgO,alkaline_earth_oxide,4.4750,7.2200,1.0000,0.9541,98.2741,YES
SrTiO3,transition_metal_perovskite,2.1790,3.2500,0.9289,0.4386,0.7830,NO
BaTiO3,transition_metal_perovskite,2.0680,3.2000,0.9025,0.4318,0.7629,NO
CsPbI3,halide_perovskite,1.3230,1.7300,0.8421,0.4637,0.8774,NO
CsPbBr3,halide_perovskite,1.5320,2.3600,0.8228,0.3007,0.4242,NO
CsPbCl3,halide_perovskite,1.9190,2.8500,0.9930,0.3079,0.4277,NO
MAPbI3,halide_perovskite,1.3787,1.5700,0.7982,0.5068,1.0875,NO
MAPbBr3,halide_perovskite,1.5954,2.3300,0.7209,0.3024,0.4389,NO
MAPbCl3,halide_perovskite,2.0994,3.1100,0.9916,0.3573,0.5479,NO
