formula,family,pbe_gap,hse06_target,loco_pred_a1,loco_res_a1,loco_pred_a001,loco_res_a001
NaCl,alkali_halide,5.106,6.480,7.3959,0.9159,7.5655,1.0855
NaBr,alkali_halide,4.165,5.400,6.2642,0.8642,6.1438,0.7438
NaI,alkali_halide,3.640,4.850,5.3440,0.4940,5.0248,0.1748
LiF,alkali_halide,9.241,11.450,12.5937,1.1437,15.3427,3.8927
NaF,alkali_halide,6.354,8.000,9.9759,1.9759,10.7706,2.7706
LiCl,alkali_halide,6.360,7.600,8.5295,0.9295,9.1342,1.5342
MgO,alkaline_earth_oxide,4.475,6.500,5.6782,0.8218,5.6559,0.8441
CaO,alkaline_earth_oxide,3.751,5.370,5.0113,0.3587,4.9796,0.3904
BaO,alkaline_earth_oxide,1.976,3.750,3.1430,0.6070,3.3062,0.4438
SrTiO3,transition_metal_perovskite,2.179,3.250,3.8659,0.6159,3.5236,0.2736
BaTiO3,transition_metal_perovskite,2.068,3.200,3.7297,0.5297,3.3572,0.1572
CsPbI3,halide_perovskite,1.323,1.730,2.7395,1.0095,3.2224,1.4924
CsPbBr3,halide_perovskite,1.532,2.250,2.9252,0.6752,3.2081,0.9581
CsPbCl3,halide_perovskite,1.919,2.850,3.2877,0.4377,3.4061,0.5561
CsSnI3,halide_perovskite,0.327,1.300,1.6311,0.3311,1.7297,0.4297
CsSnBr3,halide_perovskite,0.392,1.750,1.6573,0.0927,1.5209,0.2291
CsSnCl3,halide_perovskite,0.799,2.450,2.0355,0.4145,1.7470,0.7030
MAPbI3,halide_perovskite,1.550,1.670,3.9449,2.2749,5.9594,4.2894
MAPbBr3,halide_perovskite,1.900,2.200,4.2986,2.0986,6.3124,4.1124
MAPbCl3,halide_perovskite,2.450,2.950,4.8227,1.8727,6.7662,3.8162
RbPbBr3,halide_perovskite,1.395,2.380,2.7098,0.3298,2.8159,0.4359
